last_source,prefix_digits,q,windows,delta
1,1,1,1,0.9
9,9,1,9,0.1
9,9,2,8,0.115
9,9,3,7,0.141857142857
99,189,1,189,0.052380952381
99,189,2,188,0.01
99,189,3,187,0.00969518716578
999,2889,1,2889,0.0345794392523
999,2889,2,2888,0.0068836565097
999,2889,3,2887,0.001
9999,38889,1,38889,0.0257116408239
9999,38889,2,38888,0.00513988891175
9999,38889,3,38887,0.000768560187209
12345,50619,1,50619,0.0604338291946
12345,50619,2,50618,0.0255604725592
12345,50619,3,50617,0.00453173834878
99999,488889,1,488889,0.0204543362604
99999,488889,2,488888,0.00409067107395
99999,488889,3,488887,0.000613407597257
234567,1296297,1,1296297,0.073121591734
234567,1296297,2,1296296,0.0140739769312
234567,1296297,3,1296295,0.00208417451275
543210,3148155,1,3148155,0.0200836680532
543210,3148155,2,3148154,0.00381253903081
543210,3148155,3,3148153,0.000561868181121
999999,5888889,1,5888889,0.0169811147739
999999,5888889,2,5888888,0.00339620655037
999999,5888889,3,5888887,0.000509414936982
1000000,5888896,1,5888896,0.01698019459
1000000,5888896,2,5888895,0.00339536534443
1000000,5888896,3,5888894,0.000508736275436
