number,early,punctual,early_rate,punctual_rate
1,0,1,0,1
2,0,2,0,1
3,0,3,0,1
4,0,4,0,1
5,0,5,0,1
6,0,6,0,1
7,0,7,0,1
8,0,8,0,1
9,0,9,0,1
10,0,10,0,1
11,0,11,0,1
12,1,11,0.0833333333333,0.916666666667
14,1,13,0.0714285714286,0.928571428571
15,1,14,0.0666666666667,0.933333333333
17,1,16,0.0588235294118,0.941176470588
19,1,18,0.0526315789474,0.947368421053
22,2,20,0.0909090909091,0.909090909091
25,3,22,0.12,0.88
28,3,25,0.107142857143,0.892857142857
31,4,27,0.129032258065,0.870967741935
35,6,29,0.171428571429,0.828571428571
39,6,33,0.153846153846,0.846153846154
44,9,35,0.204545454545,0.795454545455
50,10,40,0.2,0.8
56,15,41,0.267857142857,0.732142857143
63,18,45,0.285714285714,0.714285714286
70,21,49,0.3,0.7
79,28,51,0.354430379747,0.645569620253
89,36,53,0.404494382022,0.595505617978
99,45,54,0.454545454545,0.545454545455
100,45,55,0.45,0.55
112,49,63,0.4375,0.5625
125,52,73,0.416,0.584
141,55,86,0.390070921986,0.609929078014
158,58,100,0.367088607595,0.632911392405
177,62,115,0.350282485876,0.649717514124
199,66,133,0.331658291457,0.668341708543
223,82,141,0.367713004484,0.632286995516
251,90,161,0.358565737052,0.641434262948
281,99,182,0.35231316726,0.64768683274
316,114,202,0.360759493671,0.639240506329
354,141,213,0.398305084746,0.601694915254
398,157,241,0.394472361809,0.605527638191
446,197,249,0.441704035874,0.558295964126
501,224,277,0.447105788423,0.552894211577
562,277,285,0.492882562278,0.507117437722
630,327,303,0.519047619048,0.480952380952
707,393,314,0.555869872702,0.444130127298
794,475,319,0.598236775819,0.401763224181
891,568,323,0.637485970819,0.362514029181
999,675,324,0.675675675676,0.324324324324
1000,675,325,0.675,0.325
1122,700,422,0.623885918004,0.376114081996
1258,729,529,0.579491255962,0.420508744038
1412,765,647,0.54178470255,0.45821529745
1584,807,777,0.50946969697,0.49053030303
1778,858,920,0.482564679415,0.517435320585
1995,919,1076,0.460651629073,0.539348370927
2238,1074,1164,0.479892761394,0.520107238606
2511,1177,1334,0.468737554759,0.531262445241
2818,1310,1508,0.464868701207,0.535131298793
3162,1494,1668,0.472485768501,0.527514231499
3548,1780,1768,0.501691093574,0.498308906426
3981,2023,1958,0.508163777945,0.491836222055
4466,2444,2022,0.547245857591,0.452754142409
5011,2812,2199,0.561165436041,0.438834563959
5623,3376,2247,0.600391250222,0.399608749778
6309,3965,2344,0.628467268981,0.371532731019
7079,4683,2396,0.661534114988,0.338465885012
7943,5528,2415,0.695958705779,0.304041294221
8912,6486,2426,0.727782764811,0.272217235189
9999,7571,2428,0.757175717572,0.242824282428
10000,7571,2429,0.7571,0.2429
11220,7817,3403,0.696702317291,0.303297682709
12589,8126,4463,0.645484152832,0.354515847168
14125,8527,5598,0.603681415929,0.396318584071
15848,9014,6834,0.56877839475,0.43122160525
17782,9633,8149,0.541727589697,0.458272410303
19952,10392,9560,0.520850040096,0.479149959904
22387,12043,10344,0.53794612945,0.46205387055
25118,13286,11832,0.528943387212,0.471056612788
28183,14905,13278,0.528864918568,0.471135081432
31622,17070,14552,0.539814053507,0.460185946493
35481,20145,15336,0.567768664919,0.432231335081
39810,23099,16711,0.580231097714,0.419768902286
44668,27517,17151,0.616033849736,0.383966150264
50118,31845,18273,0.635400454926,0.364599545074
56234,37684,18550,0.670128392076,0.329871607924
63095,44044,19051,0.69805848324,0.30194151676
70794,51521,19273,0.72775941464,0.27224058536
79432,60091,19341,0.756508711854,0.243491288146
89125,69758,19367,0.782698457223,0.217301542777
99999,80630,19369,0.806308063081,0.193691936919
100000,80630,19370,0.8063,0.1937
112201,83143,29058,0.741018350995,0.258981649005
125892,86421,39471,0.686469354685,0.313530645315
141253,90797,50456,0.642796967144,0.357203032856
158489,96263,62226,0.607379691966,0.392620308034
177827,103331,74496,0.581075989585,0.418924010415
199526,112169,87357,0.562177360344,0.437822639656
223872,129514,94358,0.578518081761,0.421481918239
251188,143866,107322,0.572742328455,0.427257671545
281838,162388,119450,0.57617496576,0.42382503424
316227,186530,129697,0.589861080806,0.410138919194
354813,219042,135771,0.617344911263,0.382655088737
398107,252272,145835,0.633678885325,0.366321114675
446683,297800,148883,0.666692038873,0.333307961127
501187,345113,156074,0.688591284291,0.311408715709
562341,404654,157687,0.719588292513,0.280411707487
630957,470634,160323,0.745905029978,0.254094970022
707945,546652,161293,0.772167329383,0.227832670617
794328,632791,161537,0.796636905661,0.203363094339
891250,729639,161611,0.818669284712,0.181330715288
999999,838385,161614,0.838385838386,0.161614161614
1000000,838385,161615,0.838385,0.161615
