last_source,prefix_digits,digit,count,share
1,1,0,0,0
1,1,1,1,1
1,1,2,0,0
1,1,3,0,0
1,1,4,0,0
1,1,5,0,0
1,1,6,0,0
1,1,7,0,0
1,1,8,0,0
1,1,9,0,0
9,9,0,0,0
9,9,1,1,0.111111111111
9,9,2,1,0.111111111111
9,9,3,1,0.111111111111
9,9,4,1,0.111111111111
9,9,5,1,0.111111111111
9,9,6,1,0.111111111111
9,9,7,1,0.111111111111
9,9,8,1,0.111111111111
9,9,9,1,0.111111111111
99,189,0,9,0.047619047619
99,189,1,20,0.10582010582
99,189,2,20,0.10582010582
99,189,3,20,0.10582010582
99,189,4,20,0.10582010582
99,189,5,20,0.10582010582
99,189,6,20,0.10582010582
99,189,7,20,0.10582010582
99,189,8,20,0.10582010582
99,189,9,20,0.10582010582
999,2889,0,189,0.0654205607477
999,2889,1,300,0.103842159917
999,2889,2,300,0.103842159917
999,2889,3,300,0.103842159917
999,2889,4,300,0.103842159917
999,2889,5,300,0.103842159917
999,2889,6,300,0.103842159917
999,2889,7,300,0.103842159917
999,2889,8,300,0.103842159917
999,2889,9,300,0.103842159917
9999,38889,0,2889,0.0742883591761
9999,38889,1,4000,0.10285684898
9999,38889,2,4000,0.10285684898
9999,38889,3,4000,0.10285684898
9999,38889,4,4000,0.10285684898
9999,38889,5,4000,0.10285684898
9999,38889,6,4000,0.10285684898
9999,38889,7,4000,0.10285684898
9999,38889,8,4000,0.10285684898
9999,38889,9,4000,0.10285684898
12345,50619,0,4664,0.0921393152769
12345,50619,1,8121,0.160433829195
12345,50619,2,5121,0.101167545783
12345,50619,3,4721,0.0932653746617
12345,50619,4,4671,0.0922776032715
12345,50619,5,4665,0.0921590707047
12345,50619,6,4664,0.0921393152769
12345,50619,7,4664,0.0921393152769
12345,50619,8,4664,0.0921393152769
12345,50619,9,4664,0.0921393152769
99999,488889,0,38889,0.0795456637396
99999,488889,1,50000,0.102272704029
99999,488889,2,50000,0.102272704029
99999,488889,3,50000,0.102272704029
99999,488889,4,50000,0.102272704029
99999,488889,5,50000,0.102272704029
99999,488889,6,50000,0.102272704029
99999,488889,7,50000,0.102272704029
99999,488889,8,50000,0.102272704029
99999,488889,9,50000,0.102272704029
234567,1296297,0,113306,0.0874074382645
234567,1296297,1,224417,0.173121591734
234567,1296297,2,158985,0.12264550485
234567,1296297,3,118985,0.0917883787435
234567,1296297,4,113985,0.0879312379802
234567,1296297,5,113385,0.0874683810886
234567,1296297,6,113315,0.0874143811179
234567,1296297,7,113307,0.0874082096927
234567,1296297,8,113306,0.0874074382645
234567,1296297,9,113306,0.0874074382645
543210,3148155,0,266941,0.0847928389803
543210,3148155,1,378042,0.120083668053
543210,3148155,2,377952,0.12005507988
543210,3148155,3,377152,0.119800962786
543210,3148155,4,370152,0.117577438214
543210,3148155,5,310152,0.0985186561653
543210,3148155,6,266941,0.0847928389803
543210,3148155,7,266941,0.0847928389803
543210,3148155,8,266941,0.0847928389803
543210,3148155,9,266941,0.0847928389803
999999,5888889,0,488889,0.0830188852261
999999,5888889,1,600000,0.10188679053
999999,5888889,2,600000,0.10188679053
999999,5888889,3,600000,0.10188679053
999999,5888889,4,600000,0.10188679053
999999,5888889,5,600000,0.10188679053
999999,5888889,6,600000,0.10188679053
999999,5888889,7,600000,0.10188679053
999999,5888889,8,600000,0.10188679053
999999,5888889,9,600000,0.10188679053
1000000,5888896,0,488895,0.08301980541
1000000,5888896,1,600001,0.101886839231
1000000,5888896,2,600000,0.10188666942
1000000,5888896,3,600000,0.10188666942
1000000,5888896,4,600000,0.10188666942
1000000,5888896,5,600000,0.10188666942
1000000,5888896,6,600000,0.10188666942
1000000,5888896,7,600000,0.10188666942
1000000,5888896,8,600000,0.10188666942
1000000,5888896,9,600000,0.10188666942
