ratio,early_at_or_below,early_conditional_ecdf,all_target_ecdf,punctual_mass
0,0,0,0,0.161615
0.001,2939,0.00350554935978,0.002939,0.161615
0.002,5295,0.00631571414088,0.005295,0.161615
0.003,7631,0.00910202353334,0.007631,0.161615
0.004,9965,0.0118859473869,0.009965,0.161615
0.005,12419,0.0148130035723,0.012419,0.161615
0.006,15784,0.01882667271,0.015784,0.161615
0.007,22949,0.0273728656882,0.022949,0.161615
0.008,24405,0.0291095379808,0.024405,0.161615
0.009,25938,0.0309380535196,0.025938,0.161615
0.01,27516,0.0328202436828,0.027516,0.161615
0.011,29146,0.0347644578565,0.029146,0.161615
0.012,30781,0.0367146358773,0.030781,0.161615
0.013,32448,0.03870298252,0.032448,0.161615
0.014,34141,0.0407223411678,0.034141,0.161615
0.015,35935,0.0428621695283,0.035935,0.161615
0.016,38666,0.0461196228463,0.038666,0.161615
0.017,41221,0.0491671487443,0.041221,0.161615
0.018,43476,0.0518568438128,0.043476,0.161615
0.019,45627,0.0544224908604,0.045627,0.161615
0.02,47702,0.0568974874312,0.047702,0.161615
0.021,49713,0.0592961467584,0.049713,0.161615
0.022,51682,0.0616447097694,0.051682,0.161615
0.023,53670,0.0640159353996,0.05367,0.161615
0.024,55766,0.0665159801285,0.055766,0.161615
0.025,57981,0.0691579644197,0.057981,0.161615
0.026,60113,0.0717009488481,0.060113,0.161615
0.027,62105,0.074076945556,0.062105,0.161615
0.028,64079,0.0764314724142,0.064079,0.161615
0.029,66017,0.0787430595729,0.066017,0.161615
0.03,67891,0.0809783094879,0.067891,0.161615
0.031,69783,0.0832350292527,0.069783,0.161615
0.032,71637,0.0854464237791,0.071637,0.161615
0.033,73689,0.0878939866529,0.073689,0.161615
0.034,75685,0.0902747544386,0.075685,0.161615
0.035,77642,0.0926090042164,0.077642,0.161615
0.036,79495,0.0948192059734,0.079495,0.161615
0.037,81255,0.0969184801732,0.081255,0.161615
0.038,83034,0.0990404169922,0.083034,0.161615
0.039,84793,0.101138498423,0.084793,0.161615
0.04,86539,0.10322107385,0.086539,0.161615
0.041,88322,0.105347781747,0.088322,0.161615
0.042,90118,0.107489995646,0.090118,0.161615
0.043,91887,0.109600004771,0.091887,0.161615
0.044,93614,0.11165991758,0.093614,0.161615
0.045,95281,0.113648264222,0.095281,0.161615
0.046,96886,0.11556265916,0.096886,0.161615
0.047,98515,0.117505680564,0.098515,0.161615
0.048,100147,0.119452280277,0.100147,0.161615
0.049,101794,0.121416771531,0.101794,0.161615
0.05,103500,0.123451636181,0.1035,0.161615
0.051,105121,0.12538511543,0.105121,0.161615
0.052,106710,0.127280426057,0.10671,0.161615
0.053,108288,0.12916261622,0.108288,0.161615
0.054,109831,0.131003059454,0.109831,0.161615
0.055,111351,0.13281606899,0.111351,0.161615
0.056,112885,0.134645777298,0.112885,0.161615
0.057,114373,0.136420618212,0.114373,0.161615
0.058,115921,0.138267025293,0.115921,0.161615
0.059,117416,0.140050215593,0.117416,0.161615
0.06,118905,0.141826249277,0.118905,0.161615
0.061,120414,0.143626138349,0.120414,0.161615
0.062,121855,0.1453449191,0.121855,0.161615
0.063,123279,0.147043422771,0.123279,0.161615
0.064,124760,0.1488099143,0.12476,0.161615
0.065,126186,0.150510803509,0.126186,0.161615
0.066,127597,0.152193801177,0.127597,0.161615
0.067,129013,0.153882762693,0.129013,0.161615
0.068,130438,0.155582459133,0.130438,0.161615
0.069,131823,0.157234444796,0.131823,0.161615
0.07,133188,0.15886257507,0.133188,0.161615
0.071,134589,0.160533645044,0.134589,0.161615
0.072,136000,0.162216642712,0.136,0.161615
0.073,137400,0.163886519916,0.1374,0.161615
0.074,138901,0.165676866833,0.138901,0.161615
0.075,140355,0.167411153587,0.140355,0.161615
0.076,141811,0.16914782588,0.141811,0.161615
0.077,143209,0.170815317545,0.143209,0.161615
0.078,144856,0.172779808799,0.144856,0.161615
0.079,147130,0.175492166487,0.14713,0.161615
0.08,150114,0.179051390471,0.150114,0.161615
0.081,154360,0.184115889478,0.15436,0.161615
0.082,162261,0.193539960758,0.162261,0.161615
0.083,176876,0.210972286002,0.176876,0.161615
0.084,177466,0.211676019967,0.177466,0.161615
0.085,177988,0.21229864561,0.177988,0.161615
0.086,178460,0.212861632782,0.17846,0.161615
0.087,178953,0.213449668112,0.178953,0.161615
0.088,179470,0.214066329908,0.17947,0.161615
0.089,179991,0.214687762782,0.179991,0.161615
0.09,180525,0.215324701659,0.180525,0.161615
0.091,181084,0.215991459771,0.181084,0.161615
0.092,181713,0.216741711743,0.181713,0.161615
0.093,182342,0.217491963716,0.182342,0.161615
0.094,182946,0.218212396453,0.182946,0.161615
0.095,183621,0.219017515819,0.183621,0.161615
0.096,184288,0.21981309303,0.184288,0.161615
0.097,184894,0.220535911306,0.184894,0.161615
0.098,185518,0.221280199431,0.185518,0.161615
0.099,186181,0.222071005564,0.186181,0.161615
0.1,186852,0.222871353853,0.186852,0.161615
0.101,187553,0.223707485225,0.187553,0.161615
0.102,188289,0.224585363526,0.188289,0.161615
0.103,189071,0.225518109222,0.189071,0.161615
0.104,189960,0.226578481247,0.18996,0.161615
0.105,190944,0.227752166367,0.190944,0.161615
0.106,191915,0.228910345486,0.191915,0.161615
0.107,192882,0.230063753526,0.192882,0.161615
0.108,193859,0.231229089261,0.193859,0.161615
0.109,194851,0.232412316537,0.194851,0.161615
0.11,195844,0.233596736583,0.195844,0.161615
0.111,196758,0.234686927843,0.196758,0.161615
0.112,197673,0.235778311873,0.197673,0.161615
0.113,198578,0.236857768209,0.198578,0.161615
0.114,199536,0.238000441325,0.199536,0.161615
0.115,200534,0.239190825218,0.200534,0.161615
0.116,201509,0.240353775413,0.201509,0.161615
0.117,202484,0.241516725609,0.202484,0.161615
0.118,203501,0.242729772121,0.203501,0.161615
0.119,204578,0.244014384799,0.204578,0.161615
0.12,205662,0.245307346863,0.205662,0.161615
0.121,206756,0.246612236622,0.206756,0.161615
0.122,207852,0.247919511919,0.207852,0.161615
0.123,208954,0.249233943832,0.208954,0.161615
0.124,210056,0.250548375746,0.210056,0.161615
0.125,211227,0.251945108751,0.211227,0.161615
0.126,212352,0.253286974361,0.212352,0.161615
0.127,213517,0.254676550749,0.213517,0.161615
0.128,214669,0.256050621135,0.214669,0.161615
0.129,215821,0.25742469152,0.215821,0.161615
0.13,216909,0.258722424662,0.216909,0.161615
0.131,217998,0.260021350573,0.217998,0.161615
0.132,219085,0.261317890945,0.219085,0.161615
0.133,220135,0.262570298848,0.220135,0.161615
0.134,221203,0.263844176601,0.221203,0.161615
0.135,222338,0.265197969906,0.222338,0.161615
0.136,223478,0.266557727059,0.223478,0.161615
0.137,224611,0.267909134825,0.224611,0.161615
0.138,225762,0.269282012441,0.225762,0.161615
0.139,226946,0.270694251448,0.226946,0.161615
0.14,228170,0.272154201232,0.22817,0.161615
0.141,229349,0.273560476392,0.229349,0.161615
0.142,230535,0.274975100938,0.230535,0.161615
0.143,231731,0.276401653178,0.231731,0.161615
0.144,232934,0.277836554805,0.232934,0.161615
0.145,234212,0.279360914138,0.234212,0.161615
0.146,235449,0.280836369926,0.235449,0.161615
0.147,236695,0.282322560637,0.236695,0.161615
0.148,237923,0.2837872815,0.237923,0.161615
0.149,239152,0.285253195131,0.239152,0.161615
0.15,240409,0.286752506307,0.240409,0.161615
0.151,241645,0.288226769324,0.241645,0.161615
0.152,242904,0.289728466039,0.242904,0.161615
0.153,244135,0.291196765209,0.244135,0.161615
0.154,245402,0.292708004079,0.245402,0.161615
0.155,246629,0.294171532172,0.246629,0.161615
0.156,247872,0.295654144576,0.247872,0.161615
0.157,249108,0.297128407593,0.249108,0.161615
0.158,250276,0.298521562289,0.250276,0.161615
0.159,251482,0.299960042224,0.251482,0.161615
0.16,252676,0.301384208925,0.252676,0.161615
0.161,253899,0.30284296594,0.253899,0.161615
0.162,255114,0.3042921808,0.255114,0.161615
0.163,256304,0.305711576424,0.256304,0.161615
0.164,257496,0.307133357586,0.257496,0.161615
0.165,258731,0.308606427834,0.258731,0.161615
0.166,260005,0.31012601609,0.260005,0.161615
0.167,261273,0.31163844773,0.261273,0.161615
0.168,262530,0.313137758906,0.26253,0.161615
0.169,263791,0.314641841159,0.263791,0.161615
0.17,265074,0.31617216434,0.265074,0.161615
0.171,266317,0.317654776743,0.266317,0.161615
0.172,267608,0.31919464208,0.267608,0.161615
0.173,268875,0.32070588095,0.268875,0.161615
0.174,270175,0.322256481211,0.270175,0.161615
0.175,271490,0.323824973014,0.27149,0.161615
0.176,272801,0.325388693739,0.272801,0.161615
0.177,274052,0.326880848298,0.274052,0.161615
0.178,275396,0.328483930414,0.275396,0.161615
0.179,276676,0.330010675286,0.276676,0.161615
0.18,277953,0.331533841851,0.277953,0.161615
0.181,279260,0.333092791498,0.27926,0.161615
0.182,280539,0.334618343601,0.280539,0.161615
0.183,281975,0.336331160505,0.281975,0.161615
0.184,283378,0.338004616018,0.283378,0.161615
0.185,284858,0.339769914777,0.284858,0.161615
0.186,287068,0.342405935221,0.287068,0.161615
0.187,289242,0.344999015965,0.289242,0.161615
0.188,291312,0.347468048689,0.291312,0.161615
0.189,293409,0.349969286187,0.293409,0.161615
0.19,295416,0.352363174437,0.295416,0.161615
0.191,297421,0.354754677147,0.297421,0.161615
0.192,299403,0.357118746161,0.299403,0.161615
0.193,301033,0.359062960334,0.301033,0.161615
0.194,302688,0.361036993744,0.302688,0.161615
0.195,304621,0.363342617055,0.304621,0.161615
0.196,306549,0.36564227652,0.306549,0.161615
0.197,308446,0.367904960132,0.308446,0.161615
0.198,310315,0.3701342462,0.310315,0.161615
0.199,312129,0.372297929949,0.312129,0.161615
0.2,313934,0.374450878773,0.313934,0.161615
0.201,315584,0.376418948335,0.315584,0.161615
0.202,317294,0.378458584063,0.317294,0.161615
0.203,318961,0.380446930706,0.318961,0.161615
0.204,320568,0.382363711183,0.320568,0.161615
0.205,321721,0.383738974338,0.321721,0.161615
0.206,323161,0.385456562319,0.323161,0.161615
0.207,324735,0.387333981405,0.324735,0.161615
0.208,326320,0.389224520954,0.32632,0.161615
0.209,327950,0.391168735128,0.32795,0.161615
0.21,329532,0.393055696369,0.329532,0.161615
0.211,331106,0.394933115454,0.331106,0.161615
0.212,332727,0.396866594703,0.332727,0.161615
0.213,334212,0.398637857309,0.334212,0.161615
0.214,335725,0.400442517459,0.335725,0.161615
0.215,337259,0.402272225767,0.337259,0.161615
0.216,338698,0.40398862098,0.338698,0.161615
0.217,340194,0.405773004049,0.340194,0.161615
0.218,341778,0.407662350829,0.341778,0.161615
0.219,343186,0.409341770189,0.343186,0.161615
0.22,344327,0.410702720111,0.344327,0.161615
0.221,345591,0.412210380672,0.345591,0.161615
0.222,347041,0.413939896348,0.347041,0.161615
0.223,348461,0.415633628941,0.348461,0.161615
0.224,349914,0.417366722926,0.349914,0.161615
0.225,351427,0.419171383076,0.351427,0.161615
0.226,352884,0.420909248138,0.352884,0.161615
0.227,354450,0.422777125068,0.35445,0.161615
0.228,355941,0.424555544291,0.355941,0.161615
0.229,357442,0.426345891208,0.357442,0.161615
0.23,358927,0.428117153814,0.358927,0.161615
0.231,360451,0.429934934428,0.360451,0.161615
0.232,361917,0.431683534414,0.361917,0.161615
0.233,363380,0.433428556093,0.36338,0.161615
0.234,364765,0.435080541756,0.364765,0.161615
0.235,366205,0.436798129738,0.366205,0.161615
0.236,367532,0.438380934773,0.367532,0.161615
0.237,368950,0.440072281828,0.36895,0.161615
0.238,370423,0.4418292312,0.370423,0.161615
0.239,371745,0.443406072389,0.371745,0.161615
0.24,372895,0.444777757236,0.372895,0.161615
0.241,373999,0.446094574688,0.373999,0.161615
0.242,375355,0.447711970038,0.375355,0.161615
0.243,376700,0.449316244923,0.3767,0.161615
0.244,378084,0.450967037817,0.378084,0.161615
0.245,379483,0.452635722252,0.379483,0.161615
0.246,380820,0.454230454982,0.38082,0.161615
0.247,382154,0.455821609404,0.382154,0.161615
0.248,383545,0.457480751683,0.383545,0.161615
0.249,384940,0.459144665041,0.38494,0.161615
0.25,386328,0.460800229012,0.386328,0.161615
0.251,387696,0.462431937594,0.387696,0.161615
0.252,389134,0.464147140037,0.389134,0.161615
0.253,390505,0.465782426928,0.390505,0.161615
0.254,391874,0.46741532828,0.391874,0.161615
0.255,393266,0.469075663329,0.393266,0.161615
0.256,394592,0.470657275595,0.394592,0.161615
0.257,395921,0.47224246617,0.395921,0.161615
0.258,397254,0.473832427823,0.397254,0.161615
0.259,398660,0.475509461644,0.39866,0.161615
0.26,400083,0.477206772545,0.400083,0.161615
0.261,401425,0.478807469122,0.401425,0.161615
0.262,402744,0.480380732003,0.402744,0.161615
0.263,404085,0.481980235811,0.404085,0.161615
0.264,405396,0.483543956535,0.405396,0.161615
0.265,406714,0.485116026646,0.406714,0.161615
0.266,407996,0.486645157058,0.407996,0.161615
0.267,409310,0.488212456091,0.40931,0.161615
0.268,410515,0.489649743256,0.410515,0.161615
0.269,411569,0.490906922237,0.411569,0.161615
0.27,412753,0.492319161245,0.412753,0.161615
0.271,414090,0.493913893975,0.41409,0.161615
0.272,415364,0.495433482231,0.415364,0.161615
0.273,416597,0.49690416694,0.416597,0.161615
0.274,417848,0.498396321499,0.417848,0.161615
0.275,419097,0.499886090519,0.419097,0.161615
0.276,420345,0.50137466677,0.420345,0.161615
0.277,421491,0.502741580539,0.421491,0.161615
0.278,422724,0.504212265248,0.422724,0.161615
0.279,423935,0.50565670903,0.423935,0.161615
0.28,425164,0.507122622661,0.425164,0.161615
0.281,426408,0.508606427834,0.426408,0.161615
0.282,427679,0.510122437782,0.427679,0.161615
0.283,428956,0.511645604346,0.428956,0.161615
0.284,430240,0.513177120297,0.43024,0.161615
0.285,431492,0.514670467625,0.431492,0.161615
0.286,432753,0.516174549879,0.432753,0.161615
0.287,434090,0.517769282609,0.43409,0.161615
0.288,435610,0.519582292145,0.43561,0.161615
0.289,436979,0.521215193497,0.436979,0.161615
0.29,438495,0.523023431955,0.438495,0.161615
0.291,439959,0.524769646404,0.439959,0.161615
0.292,441616,0.526746065352,0.441616,0.161615
0.293,443083,0.528495858108,0.443083,0.161615
0.294,444655,0.530370891655,0.444655,0.161615
0.295,446093,0.532086094098,0.446093,0.161615
0.296,447692,0.533993332419,0.447692,0.161615
0.297,449092,0.535663209623,0.449092,0.161615
0.298,450525,0.537372448219,0.450525,0.161615
0.299,451896,0.53900773511,0.451896,0.161615
0.3,453373,0.54076945556,0.453373,0.161615
0.301,454587,0.54221747765,0.454587,0.161615
0.302,455749,0.54360347573,0.455749,0.161615
0.303,456884,0.544957269035,0.456884,0.161615
0.304,458102,0.546410062203,0.458102,0.161615
0.305,459269,0.54780202413,0.459269,0.161615
0.306,460566,0.549349046083,0.460566,0.161615
0.307,461967,0.551020116056,0.461967,0.161615
0.308,463260,0.552562366932,0.46326,0.161615
0.309,464653,0.55422389475,0.464653,0.161615
0.31,465878,0.555685037304,0.465878,0.161615
0.311,467105,0.557148565397,0.467105,0.161615
0.312,468253,0.558517864704,0.468253,0.161615
0.313,469306,0.559773850916,0.469306,0.161615
0.314,470587,0.561301788558,0.470587,0.161615
0.315,471746,0.562684208329,0.471746,0.161615
0.316,473018,0.564201411046,0.473018,0.161615
0.317,474296,0.56572577038,0.474296,0.161615
0.318,475476,0.567133238309,0.475476,0.161615
0.319,476766,0.568671910876,0.476766,0.161615
0.32,477935,0.570066258342,0.477935,0.161615
0.321,479120,0.571479690119,0.47912,0.161615
0.322,480364,0.572963495292,0.480364,0.161615
0.323,481445,0.574252879047,0.481445,0.161615
0.324,482580,0.575606672352,0.48258,0.161615
0.325,483766,0.577021296898,0.483766,0.161615
0.326,484770,0.578218837408,0.48477,0.161615
0.327,485738,0.579373438218,0.485738,0.161615
0.328,486736,0.58056382211,0.486736,0.161615
0.329,487773,0.581800724011,0.487773,0.161615
0.33,488743,0.58295771036,0.488743,0.161615
0.331,489701,0.584100383475,0.489701,0.161615
0.332,490798,0.585408851542,0.490798,0.161615
0.333,492033,0.58688192179,0.492033,0.161615
0.334,493180,0.588250028328,0.49318,0.161615
0.335,494320,0.58960978548,0.49432,0.161615
0.336,495521,0.591042301568,0.495521,0.161615
0.337,496585,0.592311408243,0.496585,0.161615
0.338,497703,0.593644924468,0.497703,0.161615
0.339,498932,0.595110838099,0.498932,0.161615
0.34,500121,0.596529040954,0.500121,0.161615
0.341,501261,0.597888798106,0.501261,0.161615
0.342,502491,0.599355904507,0.502491,0.161615
0.343,503745,0.600851637374,0.503745,0.161615
0.344,504745,0.602044406806,0.504745,0.161615
0.345,505927,0.603454260274,0.505927,0.161615
0.346,507152,0.604915402828,0.507152,0.161615
0.347,508291,0.606273967211,0.508291,0.161615
0.348,509521,0.607741073612,0.509521,0.161615
0.349,510725,0.609177168008,0.510725,0.161615
0.35,511859,0.610529768543,0.511859,0.161615
0.351,512980,0.611866863076,0.51298,0.161615
0.352,514145,0.613256439464,0.514145,0.161615
0.353,515288,0.614619774924,0.515288,0.161615
0.354,516323,0.615854291286,0.516323,0.161615
0.355,517483,0.617237903827,0.517483,0.161615
0.356,518677,0.618662070528,0.518677,0.161615
0.357,519759,0.619952647054,0.519759,0.161615
0.358,520812,0.621208633265,0.520812,0.161615
0.359,521821,0.622412137622,0.521821,0.161615
0.36,522766,0.623539304735,0.522766,0.161615
0.361,523721,0.624678399542,0.523721,0.161615
0.362,524672,0.625812723272,0.524672,0.161615
0.363,525639,0.626966131312,0.525639,0.161615
0.364,526573,0.628080177961,0.526573,0.161615
0.365,527448,0.629123851214,0.527448,0.161615
0.366,528511,0.63039176512,0.528511,0.161615
0.367,529638,0.631736016269,0.529638,0.161615
0.368,530755,0.633068339725,0.530755,0.161615
0.369,531759,0.634265880234,0.531759,0.161615
0.37,532913,0.635642336158,0.532913,0.161615
0.371,534018,0.63696034638,0.534018,0.161615
0.372,535121,0.638275971063,0.535121,0.161615
0.373,536131,0.639480668189,0.536131,0.161615
0.374,537237,0.640799871181,0.537237,0.161615
0.375,538319,0.642090447706,0.538319,0.161615
0.376,539337,0.643304686987,0.539337,0.161615
0.377,540346,0.644508191344,0.540346,0.161615
0.378,541412,0.645779683558,0.541412,0.161615
0.379,542510,0.647089344394,0.54251,0.161615
0.38,543605,0.648395426922,0.543605,0.161615
0.381,544594,0.64957507589,0.544594,0.161615
0.382,545641,0.650823905485,0.545641,0.161615
0.383,546652,0.65202979538,0.546652,0.161615
0.384,547574,0.653129528796,0.547574,0.161615
0.385,548415,0.654132647888,0.548415,0.161615
0.386,549272,0.655154851291,0.549272,0.161615
0.387,550361,0.656453777203,0.550361,0.161615
0.388,551518,0.657833811435,0.551518,0.161615
0.389,552689,0.65923054444,0.552689,0.161615
0.39,553899,0.660673795452,0.553899,0.161615
0.391,555057,0.662055022454,0.555057,0.161615
0.392,556288,0.663523321624,0.556288,0.161615
0.393,557500,0.664968958176,0.5575,0.161615
0.394,558572,0.666247607006,0.558572,0.161615
0.395,559573,0.667441569207,0.559573,0.161615
0.396,560758,0.668855000984,0.560758,0.161615
0.397,561803,0.67010144504,0.561803,0.161615
0.398,562879,0.671384864949,0.562879,0.161615
0.399,563953,0.672665899318,0.563953,0.161615
0.4,564944,0.673847933825,0.564944,0.161615
0.401,565980,0.675083642956,0.56598,0.161615
0.402,567084,0.676400460409,0.567084,0.161615
0.403,568105,0.677618277999,0.568105,0.161615
0.404,569043,0.678737095726,0.569043,0.161615
0.405,570086,0.679981154243,0.570086,0.161615
0.406,571074,0.681159610442,0.571074,0.161615
0.407,571938,0.68219016323,0.571938,0.161615
0.408,572814,0.683235029253,0.572814,0.161615
0.409,573670,0.684256039886,0.57367,0.161615
0.41,574521,0.685271086673,0.574521,0.161615
0.411,575424,0.686348157469,0.575424,0.161615
0.412,576377,0.687484866738,0.576377,0.161615
0.413,577316,0.688604877234,0.577316,0.161615
0.414,578234,0.689699839573,0.578234,0.161615
0.415,579065,0.69069103097,0.579065,0.161615
0.416,579940,0.691734704223,0.57994,0.161615
0.417,580830,0.692796269017,0.58083,0.161615
0.418,581763,0.693909122897,0.581763,0.161615
0.419,582859,0.695216398194,0.582859,0.161615
0.42,583835,0.696380541159,0.583835,0.161615
0.421,584759,0.697482660114,0.584759,0.161615
0.422,585757,0.698673044007,0.585757,0.161615
0.423,586788,0.699902789291,0.586788,0.161615
0.424,587801,0.701111064726,0.587801,0.161615
0.425,588805,0.702308605235,0.588805,0.161615
0.426,589722,0.703402374804,0.589722,0.161615
0.427,590779,0.704663132093,0.590779,0.161615
0.428,591732,0.705799841362,0.591732,0.161615
0.429,592715,0.706972333713,0.592715,0.161615
0.43,593661,0.708100693595,0.593661,0.161615
0.431,594637,0.709264836561,0.594637,0.161615
0.432,595333,0.710095004085,0.595333,0.161615
0.433,596195,0.711123171335,0.596195,0.161615
0.434,597117,0.712222904751,0.597117,0.161615
0.435,598097,0.713391818794,0.598097,0.161615
0.436,598966,0.714428335431,0.598966,0.161615
0.437,599909,0.715553117005,0.599909,0.161615
0.438,600802,0.716618260107,0.600802,0.161615
0.439,601800,0.717808644,0.6018,0.161615
0.44,602680,0.7188582811,0.60268,0.161615
0.441,603603,0.719959207285,0.603603,0.161615
0.442,604559,0.721099494862,0.604559,0.161615
0.443,605530,0.72225767398,0.60553,0.161615
0.444,606328,0.723209503987,0.606328,0.161615
0.445,607200,0.724249598931,0.6072,0.161615
0.446,608105,0.725329055267,0.608105,0.161615
0.447,608926,0.72630831897,0.608926,0.161615
0.448,609720,0.727255377899,0.60972,0.161615
0.449,610504,0.728190509134,0.610504,0.161615
0.45,611320,0.72916380899,0.61132,0.161615
0.451,612111,0.73010728961,0.612111,0.161615
0.452,612925,0.731078203928,0.612925,0.161615
0.453,613731,0.73203957609,0.613731,0.161615
0.454,614548,0.733014068715,0.614548,0.161615
0.455,615341,0.733959934875,0.615341,0.161615
0.456,616146,0.734920114267,0.616146,0.161615
0.457,616907,0.735827811805,0.616907,0.161615
0.458,617662,0.736728352726,0.617662,0.161615
0.459,618591,0.737836435528,0.618591,0.161615
0.46,619495,0.738914699094,0.619495,0.161615
0.461,620393,0.739985806044,0.620393,0.161615
0.462,621179,0.740923322817,0.621179,0.161615
0.463,622006,0.741909743137,0.622006,0.161615
0.464,622833,0.742896163457,0.622833,0.161615
0.465,623649,0.743869463313,0.623649,0.161615
0.466,624404,0.744770004234,0.624404,0.161615
0.467,625100,0.745600171759,0.6251,0.161615
0.468,625893,0.746546037918,0.625893,0.161615
0.469,626643,0.747440614992,0.626643,0.161615
0.47,627476,0.748434191929,0.627476,0.161615
0.471,628272,0.749383636396,0.628272,0.161615
0.472,629085,0.750353357944,0.629085,0.161615
0.473,629892,0.751315922876,0.629892,0.161615
0.474,630770,0.752363174437,0.63077,0.161615
0.475,631666,0.753431895847,0.631666,0.161615
0.476,632426,0.754338400615,0.632426,0.161615
0.477,633155,0.755207929531,0.633155,0.161615
0.478,633911,0.756109663222,0.633911,0.161615
0.479,634595,0.756925517513,0.634595,0.161615
0.48,635229,0.757681733333,0.635229,0.161615
0.481,635925,0.758511900857,0.635925,0.161615
0.482,636695,0.759430333319,0.636695,0.161615
0.483,637508,0.760400054867,0.637508,0.161615
0.484,638320,0.761368583646,0.63832,0.161615
0.485,639165,0.762376473816,0.639165,0.161615
0.486,639968,0.763334267669,0.639968,0.161615
0.487,640672,0.764173977349,0.640672,0.161615
0.488,641391,0.765031578571,0.641391,0.161615
0.489,642159,0.765947625494,0.642159,0.161615
0.49,642984,0.766931660275,0.642984,0.161615
0.491,643834,0.767945514292,0.643834,0.161615
0.492,644603,0.768862753985,0.644603,0.161615
0.493,645404,0.7698181623,0.645404,0.161615
0.494,646187,0.770752100765,0.646187,0.161615
0.495,647010,0.771733750007,0.64701,0.161615
0.496,647811,0.772689158322,0.647811,0.161615
0.497,648561,0.773583735396,0.648561,0.161615
0.498,649261,0.774418673998,0.649261,0.161615
0.499,650017,0.775320407689,0.650017,0.161615
0.5,650817,0.776274623234,0.650817,0.161615
0.501,651510,0.77710121245,0.65151,0.161615
0.502,652224,0.777952849824,0.652224,0.161615
0.503,652984,0.778859354592,0.652984,0.161615
0.504,653784,0.779813570138,0.653784,0.161615
0.505,654535,0.780709339981,0.654535,0.161615
0.506,655293,0.78161345921,0.655293,0.161615
0.507,656037,0.782500879667,0.656037,0.161615
0.508,656865,0.783488492757,0.656865,0.161615
0.509,657664,0.784441515533,0.657664,0.161615
0.51,658363,0.785275261366,0.658363,0.161615
0.511,659111,0.786167452901,0.659111,0.161615
0.512,659940,0.787156258759,0.65994,0.161615
0.513,660782,0.788160570621,0.660782,0.161615
0.514,661481,0.788994316454,0.661481,0.161615
0.515,662189,0.789838797211,0.662189,0.161615
0.516,662969,0.790769157368,0.662969,0.161615
0.517,663749,0.791699517525,0.663749,0.161615
0.518,664514,0.79261198614,0.664514,0.161615
0.519,665239,0.793476743978,0.665239,0.161615
0.52,665957,0.79433315243,0.665957,0.161615
0.521,666633,0.795139464566,0.666633,0.161615
0.522,667365,0.79601257179,0.667365,0.161615
0.523,668124,0.796917883788,0.668124,0.161615
0.524,668791,0.797713460999,0.668791,0.161615
0.525,669511,0.79857225499,0.669511,0.161615
0.526,670196,0.799389302051,0.670196,0.161615
0.527,670814,0.80012643356,0.670814,0.161615
0.528,671477,0.800917239693,0.671477,0.161615
0.529,672231,0.801816587844,0.672231,0.161615
0.53,672981,0.802711164918,0.672981,0.161615
0.531,673693,0.803560416754,0.673693,0.161615
0.532,674448,0.804460957675,0.674448,0.161615
0.533,675044,0.805171848256,0.675044,0.161615
0.534,675568,0.805796859438,0.675568,0.161615
0.535,676292,0.806660424507,0.676292,0.161615
0.536,677028,0.807538302808,0.677028,0.161615
0.537,677756,0.808406638955,0.677756,0.161615
0.538,678449,0.809233228171,0.678449,0.161615
0.539,679136,0.81005266077,0.679136,0.161615
0.54,679783,0.810824382593,0.679783,0.161615
0.541,680464,0.811636658576,0.680464,0.161615
0.542,681225,0.812544356113,0.681225,0.161615
0.543,681886,0.813332776708,0.681886,0.161615
0.544,682488,0.814050823905,0.682488,0.161615
0.545,683151,0.814841630039,0.683151,0.161615
0.546,683860,0.815687303566,0.68386,0.161615
0.547,684477,0.816423242305,0.684477,0.161615
0.548,685082,0.817144867811,0.685082,0.161615
0.549,685706,0.817889155937,0.685706,0.161615
0.55,686360,0.818669227145,0.68636,0.161615
0.551,687057,0.819500587439,0.687057,0.161615
0.552,687766,0.820346260966,0.687766,0.161615
0.553,688374,0.821071464781,0.688374,0.161615
0.554,688866,0.821658307341,0.688866,0.161615
0.555,689376,0.822266619751,0.689376,0.161615
0.556,689979,0.822985859718,0.689979,0.161615
0.557,690605,0.823732533383,0.690605,0.161615
0.558,691240,0.824489941972,0.69124,0.161615
0.559,691775,0.825128073618,0.691775,0.161615
0.56,692248,0.825692253559,0.692248,0.161615
0.561,692740,0.826279096119,0.69274,0.161615
0.562,693222,0.826854010985,0.693222,0.161615
0.563,693726,0.827455166779,0.693726,0.161615
0.564,694244,0.828073021345,0.694244,0.161615
0.565,694768,0.828698032527,0.694768,0.161615
0.566,695243,0.829264598007,0.695243,0.161615
0.567,695738,0.829855018876,0.695738,0.161615
0.568,696217,0.830426355433,0.696217,0.161615
0.569,696774,0.831090728007,0.696774,0.161615
0.57,697290,0.831706197034,0.69729,0.161615
0.571,697780,0.832290654055,0.69778,0.161615
0.572,698286,0.832894195388,0.698286,0.161615
0.573,698755,0.833453604251,0.698755,0.161615
0.574,699264,0.834060723892,0.699264,0.161615
0.575,699800,0.834700048307,0.6998,0.161615
0.576,700363,0.835371577497,0.700363,0.161615
0.577,700907,0.836020444068,0.700907,0.161615
0.578,701446,0.836663346792,0.701446,0.161615
0.579,701951,0.837265695355,0.701951,0.161615
0.58,702522,0.8379467667,0.702522,0.161615
0.581,703109,0.838646922357,0.703109,0.161615
0.582,703686,0.839335150319,0.703686,0.161615
0.583,704262,0.840022185511,0.704262,0.161615
0.584,704888,0.840768859176,0.704888,0.161615
0.585,705536,0.841541773767,0.705536,0.161615
0.586,706155,0.842280098046,0.706155,0.161615
0.587,706789,0.843036313865,0.706789,0.161615
0.588,707388,0.843750782755,0.707388,0.161615
0.589,708023,0.844508191344,0.708023,0.161615
0.59,708640,0.845244130083,0.70864,0.161615
0.591,709256,0.845978876053,0.709256,0.161615
0.592,709850,0.846687381096,0.70985,0.161615
0.593,710493,0.84745433184,0.710493,0.161615
0.594,711119,0.848201005505,0.711119,0.161615
0.595,711653,0.848837944381,0.711653,0.161615
0.596,712213,0.849505895263,0.712213,0.161615
0.597,712799,0.85020485815,0.712799,0.161615
0.598,713492,0.851031447366,0.713492,0.161615
0.599,714110,0.851768578875,0.71411,0.161615
0.6,714735,0.85251405977,0.714735,0.161615
0.601,715270,0.853152191416,0.71527,0.161615
0.602,715800,0.853784359214,0.7158,0.161615
0.603,716326,0.854411755936,0.716326,0.161615
0.604,716886,0.855079706817,0.716886,0.161615
0.605,717470,0.855776284165,0.71747,0.161615
0.606,718045,0.856462126589,0.718045,0.161615
0.607,718683,0.857223113486,0.718683,0.161615
0.608,719285,0.857941160684,0.719285,0.161615
0.609,719863,0.858630581415,0.719863,0.161615
0.61,720426,0.859302110606,0.720426,0.161615
0.611,720993,0.859978410873,0.720993,0.161615
0.612,721496,0.860578373897,0.721496,0.161615
0.613,722051,0.861240360932,0.722051,0.161615
0.614,722670,0.86197868521,0.72267,0.161615
0.615,723213,0.862626359012,0.723213,0.161615
0.616,723780,0.863302659279,0.72378,0.161615
0.617,724337,0.863967031853,0.724337,0.161615
0.618,724922,0.86466480197,0.724922,0.161615
0.619,725418,0.865256415609,0.725418,0.161615
0.62,725936,0.865874270174,0.725936,0.161615
0.621,726443,0.866479004276,0.726443,0.161615
0.622,726886,0.867007401134,0.726886,0.161615
0.623,727399,0.867619291853,0.727399,0.161615
0.624,727953,0.868280086118,0.727953,0.161615
0.625,728507,0.868940880383,0.728507,0.161615
0.626,729053,0.869592132493,0.729053,0.161615
0.627,729555,0.870190902748,0.729555,0.161615
0.628,730038,0.870767010383,0.730038,0.161615
0.629,730540,0.871365780638,0.73054,0.161615
0.63,731017,0.871934731657,0.731017,0.161615
0.631,731440,0.872439273126,0.73144,0.161615
0.632,731874,0.87295693506,0.731874,0.161615
0.633,732372,0.873550934237,0.732372,0.161615
0.634,732788,0.87404712632,0.732788,0.161615
0.635,733195,0.874532583479,0.733195,0.161615
0.636,733635,0.875057402029,0.733635,0.161615
0.637,734105,0.875618003662,0.734105,0.161615
0.638,734578,0.876182183603,0.734578,0.161615
0.639,735039,0.876732050311,0.735039,0.161615
0.64,735501,0.877283109788,0.735501,0.161615
0.641,735931,0.877796000644,0.735931,0.161615
0.642,736375,0.878325590272,0.736375,0.161615
0.643,736896,0.878947023146,0.736896,0.161615
0.644,737370,0.879512395856,0.73737,0.161615
0.645,737821,0.88005033487,0.737821,0.161615
0.646,738252,0.880564418495,0.738252,0.161615
0.647,738710,0.881110706895,0.73871,0.161615
0.648,739179,0.881670115758,0.739179,0.161615
0.649,739608,0.882181813844,0.739608,0.161615
0.65,740021,0.88267442762,0.740021,0.161615
0.651,740399,0.883125294465,0.740399,0.161615
0.652,740817,0.883623872087,0.740817,0.161615
0.653,741258,0.884149883407,0.741258,0.161615
0.654,741726,0.884708099501,0.741726,0.161615
0.655,742231,0.885310448064,0.742231,0.161615
0.656,742763,0.885945001402,0.742763,0.161615
0.657,743279,0.886560470428,0.743279,0.161615
0.658,743754,0.887127035908,0.743754,0.161615
0.659,744201,0.887660203844,0.744201,0.161615
0.66,744595,0.888130155,0.744595,0.161615
0.661,745031,0.888650202473,0.745031,0.161615
0.662,745492,0.889200069181,0.745492,0.161615
0.663,745948,0.889743972041,0.745948,0.161615
0.664,746396,0.890278332747,0.746396,0.161615
0.665,746822,0.890786452525,0.746822,0.161615
0.666,747264,0.891313656614,0.747264,0.161615
0.667,747701,0.891834896855,0.747701,0.161615
0.668,748071,0.892276221545,0.748071,0.161615
0.669,748495,0.892781955784,0.748495,0.161615
0.67,748961,0.893337786339,0.748961,0.161615
0.671,749457,0.893929399977,0.749457,0.161615
0.672,749921,0.894482844994,0.749921,0.161615
0.673,750393,0.895045832165,0.750393,0.161615
0.674,750827,0.895563494099,0.750827,0.161615
0.675,751254,0.896072806646,0.751254,0.161615
0.676,751637,0.896529637338,0.751637,0.161615
0.677,752079,0.897056841427,0.752079,0.161615
0.678,752559,0.897629370754,0.752559,0.161615
0.679,753063,0.898230526548,0.753063,0.161615
0.68,753549,0.898810212492,0.753549,0.161615
0.681,754037,0.899392283975,0.754037,0.161615
0.682,754533,0.899983897613,0.754533,0.161615
0.683,754999,0.900539728168,0.754999,0.161615
0.684,755489,0.901124185189,0.755489,0.161615
0.685,755902,0.901616798965,0.755902,0.161615
0.686,756285,0.902073629657,0.756285,0.161615
0.687,756697,0.902565050663,0.756697,0.161615
0.688,757184,0.903145929376,0.757184,0.161615
0.689,757646,0.903696988854,0.757646,0.161615
0.69,758110,0.90425043387,0.75811,0.161615
0.691,758553,0.904778830728,0.758553,0.161615
0.692,759007,0.90532034805,0.759007,0.161615
0.693,759472,0.905874985836,0.759472,0.161615
0.694,759910,0.906397418847,0.75991,0.161615
0.695,760364,0.906938936169,0.760364,0.161615
0.696,760842,0.907509079957,0.760842,0.161615
0.697,761287,0.908039862354,0.761287,0.161615
0.698,761717,0.90855275321,0.761717,0.161615
0.699,762111,0.909022704366,0.762111,0.161615
0.7,762526,0.90951770368,0.762526,0.161615
0.701,762975,0.910053257155,0.762975,0.161615
0.702,763436,0.910603123863,0.763436,0.161615
0.703,763833,0.911076653328,0.763833,0.161615
0.704,764194,0.911507243092,0.764194,0.161615
0.705,764591,0.911980772557,0.764591,0.161615
0.706,764970,0.912432832171,0.76497,0.161615
0.707,765431,0.912982698879,0.765431,0.161615
0.708,765819,0.913445493419,0.765819,0.161615
0.709,766212,0.913914251806,0.766212,0.161615
0.71,766567,0.914337684954,0.766567,0.161615
0.711,766912,0.914749190408,0.766912,0.161615
0.712,767259,0.915163081401,0.767259,0.161615
0.713,767636,0.915612755476,0.767636,0.161615
0.714,768048,0.916104176482,0.768048,0.161615
0.715,768399,0.916522838553,0.768399,0.161615
0.716,768737,0.916925994621,0.768737,0.161615
0.717,769060,0.917311259147,0.76906,0.161615
0.718,769391,0.917706065829,0.769391,0.161615
0.719,769763,0.918149776058,0.769763,0.161615
0.72,770106,0.918558895973,0.770106,0.161615
0.721,770474,0.918997835123,0.770474,0.161615
0.722,770804,0.919391449036,0.770804,0.161615
0.723,771113,0.91976001479,0.771113,0.161615
0.724,771357,0.920051050532,0.771357,0.161615
0.725,771679,0.920435122289,0.771679,0.161615
0.726,772034,0.920858555437,0.772034,0.161615
0.727,772399,0.92129391628,0.772399,0.161615
0.728,772786,0.92175551805,0.772786,0.161615
0.729,773149,0.922188493353,0.773149,0.161615
0.73,773567,0.922687070976,0.773567,0.161615
0.731,773945,0.923137937821,0.773945,0.161615
0.732,774327,0.923593575744,0.774327,0.161615
0.733,774734,0.924079032903,0.774734,0.161615
0.734,775149,0.924574032217,0.775149,0.161615
0.735,775561,0.925065453223,0.775561,0.161615
0.736,775911,0.925482922524,0.775911,0.161615
0.737,776269,0.92590993398,0.776269,0.161615
0.738,776589,0.926291620198,0.776589,0.161615
0.739,776927,0.926694776266,0.776927,0.161615
0.74,777248,0.927077655254,0.777248,0.161615
0.741,777635,0.927539257024,0.777635,0.161615
0.742,778064,0.92805095511,0.778064,0.161615
0.743,778491,0.928560267657,0.778491,0.161615
0.744,778899,0.929046917586,0.778899,0.161615
0.745,779326,0.929556230133,0.779326,0.161615
0.746,779749,0.930060771603,0.779749,0.161615
0.747,780143,0.930530722759,0.780143,0.161615
0.748,780508,0.930966083601,0.780508,0.161615
0.749,780875,0.931403829983,0.780875,0.161615
0.75,781271,0.931876166678,0.781271,0.161615
0.751,781649,0.932327033523,0.781649,0.161615
0.752,782010,0.932757623288,0.78201,0.161615
0.753,782330,0.933139309506,0.78233,0.161615
0.754,782680,0.933556778807,0.78268,0.161615
0.755,782986,0.933921766253,0.782986,0.161615
0.756,783333,0.934335657246,0.783333,0.161615
0.757,783666,0.934732849467,0.783666,0.161615
0.758,783978,0.935104993529,0.783978,0.161615
0.759,784315,0.935506956828,0.784315,0.161615
0.76,784675,0.935936353823,0.784675,0.161615
0.761,785054,0.936388413438,0.785054,0.161615
0.762,785435,0.936842858591,0.785435,0.161615
0.763,785796,0.937273448356,0.785796,0.161615
0.764,786168,0.937717158585,0.786168,0.161615
0.765,786529,0.93814774835,0.786529,0.161615
0.766,786851,0.938531820107,0.786851,0.161615
0.767,787178,0.938921855711,0.787178,0.161615
0.768,787454,0.939251060074,0.787454,0.161615
0.769,787733,0.939583842745,0.787733,0.161615
0.77,788036,0.939945251883,0.788036,0.161615
0.771,788377,0.940351986259,0.788377,0.161615
0.772,788742,0.940787347102,0.788742,0.161615
0.773,789106,0.941221515175,0.789106,0.161615
0.774,789431,0.94160916524,0.789431,0.161615
0.775,789782,0.942027827311,0.789782,0.161615
0.776,790170,0.94249062185,0.79017,0.161615
0.777,790517,0.942904512843,0.790517,0.161615
0.778,790824,0.943270693059,0.790824,0.161615
0.779,791102,0.943602282961,0.791102,0.161615
0.78,791378,0.943931487324,0.791378,0.161615
0.781,791637,0.944240414607,0.791637,0.161615
0.782,791935,0.944595859897,0.791935,0.161615
0.783,792239,0.944958461805,0.792239,0.161615
0.784,792526,0.945300786631,0.792526,0.161615
0.785,792859,0.945697978852,0.792859,0.161615
0.786,793168,0.946066544607,0.793168,0.161615
0.787,793456,0.946410062203,0.793456,0.161615
0.788,793732,0.946739266566,0.793732,0.161615
0.789,793996,0.947054157696,0.793996,0.161615
0.79,794241,0.947346386207,0.794241,0.161615
0.791,794486,0.947638614718,0.794486,0.161615
0.792,794738,0.947939192614,0.794738,0.161615
0.793,794981,0.948229035586,0.794981,0.161615
0.794,795311,0.948622649499,0.795311,0.161615
0.795,795596,0.948962588787,0.795596,0.161615
0.796,795900,0.949325190694,0.7959,0.161615
0.797,796212,0.949697334757,0.796212,0.161615
0.798,796499,0.950039659584,0.796499,0.161615
0.799,796754,0.950343815789,0.796754,0.161615
0.8,797049,0.950695682771,0.797049,0.161615
0.801,797351,0.951055899139,0.797351,0.161615
0.802,797643,0.951404187813,0.797643,0.161615
0.803,797939,0.951757247565,0.797939,0.161615
0.804,798194,0.95206140377,0.798194,0.161615
0.805,798464,0.952383451517,0.798464,0.161615
0.806,798708,0.952674487258,0.798708,0.161615
0.807,798971,0.952988185619,0.798971,0.161615
0.808,799245,0.953315004443,0.799245,0.161615
0.809,799563,0.953694305122,0.799563,0.161615
0.81,799901,0.95409746119,0.799901,0.161615
0.811,800253,0.95451731603,0.800253,0.161615
0.812,800578,0.954904966096,0.800578,0.161615
0.813,800896,0.955284266775,0.800896,0.161615
0.814,801221,0.95567191684,0.801221,0.161615
0.815,801487,0.955989193509,0.801487,0.161615
0.816,801743,0.956294542483,0.801743,0.161615
0.817,801977,0.95657365053,0.801977,0.161615
0.818,802238,0.956884963352,0.802238,0.161615
0.819,802486,0.957180770171,0.802486,0.161615
0.82,802764,0.957512360073,0.802764,0.161615
0.821,803042,0.957843949975,0.803042,0.161615
0.822,803326,0.958182696494,0.803326,0.161615
0.823,803568,0.958471346696,0.803568,0.161615
0.824,803831,0.958785045057,0.803831,0.161615
0.825,804145,0.959159574658,0.804145,0.161615
0.826,804411,0.959476851327,0.804411,0.161615
0.827,804719,0.959844224312,0.804719,0.161615
0.828,804992,0.960169850367,0.804992,0.161615
0.829,805277,0.960509789655,0.805277,0.161615
0.83,805586,0.96087835541,0.805586,0.161615
0.831,805881,0.961230222392,0.805881,0.161615
0.832,806200,0.961610715841,0.8062,0.161615
0.833,806510,0.961980474364,0.80651,0.161615
0.834,806833,0.962365738891,0.806833,0.161615
0.835,807142,0.962734304645,0.807142,0.161615
0.836,807476,0.963132689635,0.807476,0.161615
0.837,807751,0.963460701229,0.807751,0.161615
0.838,808046,0.963812568212,0.808046,0.161615
0.839,808320,0.964139387036,0.80832,0.161615
0.84,808569,0.964436386624,0.808569,0.161615
0.841,808831,0.964748892215,0.808831,0.161615
0.842,809137,0.965113879661,0.809137,0.161615
0.843,809393,0.965419228636,0.809393,0.161615
0.844,809667,0.96574604746,0.809667,0.161615
0.845,809915,0.966041854279,0.809915,0.161615
0.846,810195,0.96637582972,0.810195,0.161615
0.847,810486,0.966722925625,0.810486,0.161615
0.848,810755,0.967043780602,0.810755,0.161615
0.849,811024,0.967364635579,0.811024,0.161615
0.85,811262,0.967648514704,0.811262,0.161615
0.851,811524,0.967961020295,0.811524,0.161615
0.852,811748,0.968228200648,0.811748,0.161615
0.853,812019,0.968551441164,0.812019,0.161615
0.854,812283,0.968866332294,0.812283,0.161615
0.855,812547,0.969181223424,0.812547,0.161615
0.856,812815,0.969500885631,0.812815,0.161615
0.857,813069,0.969803849067,0.813069,0.161615
0.858,813335,0.970121125736,0.813335,0.161615
0.859,813597,0.970433631327,0.813597,0.161615
0.86,813849,0.970734209224,0.813849,0.161615
0.861,814052,0.970976341418,0.814052,0.161615
0.862,814288,0.971257835004,0.814288,0.161615
0.863,814520,0.971534557512,0.81452,0.161615
0.864,814765,0.971826786023,0.814765,0.161615
0.865,815010,0.972119014534,0.81501,0.161615
0.866,815248,0.972402893659,0.815248,0.161615
0.867,815530,0.972739254638,0.81553,0.161615
0.868,815795,0.973055338538,0.815795,0.161615
0.869,816042,0.973349952587,0.816042,0.161615
0.87,816272,0.973624289557,0.816272,0.161615
0.871,816518,0.973917710837,0.816518,0.161615
0.872,816776,0.97422544535,0.816776,0.161615
0.873,817018,0.974514095553,0.817018,0.161615
0.874,817283,0.974830179452,0.817283,0.161615
0.875,817515,0.97510690196,0.817515,0.161615
0.876,817781,0.975424178629,0.817781,0.161615
0.877,818042,0.975735491451,0.818042,0.161615
0.878,818269,0.976006250112,0.818269,0.161615
0.879,818479,0.976256731692,0.818479,0.161615
0.88,818700,0.976520333737,0.8187,0.161615
0.881,818940,0.9768065984,0.81894,0.161615
0.882,819200,0.977116718453,0.8192,0.161615
0.883,819451,0.97741610358,0.819451,0.161615
0.884,819747,0.977769163332,0.819747,0.161615
0.885,820023,0.978098367695,0.820023,0.161615
0.886,820271,0.978394174514,0.820271,0.161615
0.887,820512,0.978681631947,0.820512,0.161615
0.888,820749,0.978964318302,0.820749,0.161615
0.889,820976,0.979235076963,0.820976,0.161615
0.89,821171,0.979467667003,0.821171,0.161615
0.891,821375,0.979710991967,0.821375,0.161615
0.892,821593,0.979971015703,0.821593,0.161615
0.893,821794,0.980210762359,0.821794,0.161615
0.894,822027,0.980488677636,0.822027,0.161615
0.895,822285,0.98079641215,0.822285,0.161615
0.896,822522,0.981079098505,0.822522,0.161615
0.897,822753,0.981354628244,0.822753,0.161615
0.898,822975,0.981619423057,0.822975,0.161615
0.899,823189,0.981874675716,0.823189,0.161615
0.9,823396,0.982121578988,0.823396,0.161615
0.901,823593,0.982356554566,0.823593,0.161615
0.902,823776,0.982574831372,0.823776,0.161615
0.903,824009,0.98285274665,0.824009,0.161615
0.904,824222,0.983106806539,0.824222,0.161615
0.905,824441,0.983368023044,0.824441,0.161615
0.906,824667,0.983637588936,0.824667,0.161615
0.907,824885,0.983897612672,0.824885,0.161615
0.908,825074,0.984123046095,0.825074,0.161615
0.909,825221,0.984298383201,0.825221,0.161615
0.91,825352,0.984454635997,0.825352,0.161615
0.911,825497,0.984627587564,0.825497,0.161615
0.912,825641,0.984799346362,0.825641,0.161615
0.913,825797,0.984985418394,0.825797,0.161615
0.914,825965,0.985185803658,0.825965,0.161615
0.915,826151,0.985407658773,0.826151,0.161615
0.916,826362,0.985659333123,0.826362,0.161615
0.917,826575,0.985913393012,0.826575,0.161615
0.918,826845,0.986235440758,0.826845,0.161615
0.919,827079,0.986514548805,0.827079,0.161615
0.92,827295,0.986772187002,0.827295,0.161615
0.921,827513,0.987032210739,0.827513,0.161615
0.922,827724,0.987283885089,0.827724,0.161615
0.923,827932,0.98753198113,0.827932,0.161615
0.924,828112,0.987746679628,0.828112,0.161615
0.925,828266,0.987930366121,0.828266,0.161615
0.926,828444,0.988142679079,0.828444,0.161615
0.927,828599,0.988327558341,0.828599,0.161615
0.928,828739,0.988494546062,0.828739,0.161615
0.929,828891,0.988675847015,0.828891,0.161615
0.93,829064,0.988882196127,0.829064,0.161615
0.931,829225,0.989074232006,0.829225,0.161615
0.932,829387,0.989267460654,0.829387,0.161615
0.933,829536,0.989445183299,0.829536,0.161615
0.934,829680,0.989616942097,0.82968,0.161615
0.935,829819,0.989782737048,0.829819,0.161615
0.936,829976,0.989970001849,0.829976,0.161615
0.937,830109,0.990128640183,0.830109,0.161615
0.938,830253,0.990300398981,0.830253,0.161615
0.939,830400,0.990475736088,0.8304,0.161615
0.94,830537,0.9906391455,0.830537,0.161615
0.941,830684,0.990814482606,0.830684,0.161615
0.942,830806,0.990960000477,0.830806,0.161615
0.943,830951,0.991132952045,0.830951,0.161615
0.944,831116,0.991329759001,0.831116,0.161615
0.945,831279,0.991524180418,0.831279,0.161615
0.946,831430,0.991704288602,0.83143,0.161615
0.947,831589,0.991893938942,0.831589,0.161615
0.948,831734,0.99206689051,0.831734,0.161615
0.949,831863,0.992220757766,0.831863,0.161615
0.95,831997,0.99238058887,0.831997,0.161615
0.951,832129,0.992538034435,0.832129,0.161615
0.952,832252,0.992684745075,0.832252,0.161615
0.953,832383,0.992840997871,0.832383,0.161615
0.954,832510,0.992992479589,0.83251,0.161615
0.955,832649,0.99315827454,0.832649,0.161615
0.956,832799,0.993337189954,0.832799,0.161615
0.957,832949,0.993516105369,0.832949,0.161615
0.958,833080,0.993672358165,0.83308,0.161615
0.959,833209,0.993826225421,0.833209,0.161615
0.96,833338,0.993980092678,0.833338,0.161615
0.961,833486,0.994156622554,0.833486,0.161615
0.962,833620,0.994316453658,0.83362,0.161615
0.963,833760,0.994483441378,0.83376,0.161615
0.964,833897,0.994646850791,0.833897,0.161615
0.965,834049,0.994828151744,0.834049,0.161615
0.966,834200,0.995008259928,0.8342,0.161615
0.967,834334,0.995168091032,0.834334,0.161615
0.968,834484,0.995347006447,0.834484,0.161615
0.969,834614,0.995502066473,0.834614,0.161615
0.97,834757,0.995672632502,0.834757,0.161615
0.971,834908,0.995852740686,0.834908,0.161615
0.972,835049,0.996020921176,0.835049,0.161615
0.973,835195,0.996195065513,0.835195,0.161615
0.974,835345,0.996373980928,0.835345,0.161615
0.975,835475,0.996529040954,0.835475,0.161615
0.976,835605,0.99668410098,0.835605,0.161615
0.977,835749,0.996855859778,0.835749,0.161615
0.978,835895,0.997030004115,0.835895,0.161615
0.979,836041,0.997204148452,0.836041,0.161615
0.98,836178,0.997367557864,0.836178,0.161615
0.981,836315,0.997530967276,0.836315,0.161615
0.982,836470,0.997715846538,0.83647,0.161615
0.983,836630,0.997906689647,0.83663,0.161615
0.984,836763,0.998065327982,0.836763,0.161615
0.985,836909,0.998239472319,0.836909,0.161615
0.986,837064,0.998424351581,0.837064,0.161615
0.987,837219,0.998609230843,0.837219,0.161615
0.988,837379,0.998800073952,0.837379,0.161615
0.989,837551,0.999005230294,0.837551,0.161615
0.99,837725,0.999212772175,0.837725,0.161615
0.991,837797,0.999298651574,0.837797,0.161615
0.992,837956,0.999488301914,0.837956,0.161615
0.993,838043,0.999592072854,0.838043,0.161615
0.994,838107,0.999668410098,0.838107,0.161615
0.995,838173,0.99974713288,0.838173,0.161615
0.996,838233,0.999818699046,0.838233,0.161615
0.997,838289,0.999885494135,0.838289,0.161615
0.998,838354,0.999963024148,0.838354,0.161615
0.999,838383,0.999997614461,0.838383,0.161615
1,838385,1,1,0.161615
