digits,frequency,targets,within_group_rate
1,0,9,1
1,1,0,0
1,2,0,0
1,3,0,0
1,4,0,0
1,5,0,0
1,6,0,0
1,7,0,0
1,8,0,0
1,9,0,0
2,0,45,0.5
2,1,45,0.5
2,2,0,0
2,3,0,0
2,4,0,0
2,5,0,0
2,6,0,0
2,7,0,0
2,8,0,0
2,9,0,0
3,0,270,0.3
3,1,279,0.31
3,2,351,0.39
3,3,0,0
3,4,0,0
3,5,0,0
3,6,0,0
3,7,0,0
3,8,0,0
3,9,0,0
4,0,2104,0.233777777778
4,1,2035,0.226111111111
4,2,2163,0.240333333333
4,3,2357,0.261888888889
4,4,341,0.0378888888889
4,5,0,0
4,6,0,0
4,7,0,0
4,8,0,0
4,9,0,0
5,0,16941,0.188233333333
5,1,16369,0.181877777778
5,2,17096,0.189955555556
5,3,17567,0.195188888889
5,4,17478,0.1942
5,5,2486,0.0276222222222
5,6,2063,0.0229222222222
5,7,0,0
5,8,0,0
5,9,0,0
6,0,142245,0.15805
6,1,138646,0.154051111111
6,2,140422,0.156024444444
6,3,144766,0.160851111111
6,4,148472,0.164968888889
6,5,130308,0.144786666667
6,6,24950,0.0277222222222
6,7,16267,0.0180744444444
6,8,13650,0.0151666666667
6,9,274,0.000304444444444
7,0,1,1
7,1,0,0
7,2,0,0
7,3,0,0
7,4,0,0
7,5,0,0
7,6,0,0
7,7,0,0
7,8,0,0
7,9,0,0
