log10_number,log10_first,targets
0.06,0.07,1
0.18,0.07,0
0.3,0.07,0
0.42,0.07,0
0.54,0.07,0
0.66,0.07,0
0.78,0.07,0
0.9,0.07,0
1.02,0.07,1
1.14,0.07,0
1.26,0.07,0
1.38,0.07,0
1.5,0.07,0
1.62,0.07,0
1.74,0.07,0
1.86,0.07,0
1.98,0.07,0
2.1,0.07,1
2.22,0.07,0
2.34,0.07,0
2.46,0.07,0
2.58,0.07,0
2.7,0.07,0
2.82,0.07,0
2.94,0.07,0
3.06,0.07,1
3.18,0.07,0
3.3,0.07,0
3.42,0.07,0
3.54,0.07,0
3.66,0.07,0
3.78,0.07,0
3.9,0.07,0
4.02,0.07,0
4.14,0.07,1
4.26,0.07,0
4.38,0.07,0
4.5,0.07,0
4.62,0.07,0
4.74,0.07,0
4.86,0.07,0
4.98,0.07,0
5.1,0.07,1
5.22,0.07,0
5.34,0.07,0
5.46,0.07,0
5.58,0.07,0
5.7,0.07,0
5.82,0.07,0
5.94,0.07,0

0.06,0.21,0
0.18,0.21,0
0.3,0.21,0
0.42,0.21,0
0.54,0.21,0
0.66,0.21,0
0.78,0.21,0
0.9,0.21,0
1.02,0.21,0
1.14,0.21,0
1.26,0.21,0
1.38,0.21,0
1.5,0.21,0
1.62,0.21,0
1.74,0.21,0
1.86,0.21,0
1.98,0.21,0
2.1,0.21,0
2.22,0.21,0
2.34,0.21,0
2.46,0.21,0
2.58,0.21,0
2.7,0.21,0
2.82,0.21,0
2.94,0.21,0
3.06,0.21,0
3.18,0.21,0
3.3,0.21,0
3.42,0.21,0
3.54,0.21,0
3.66,0.21,0
3.78,0.21,0
3.9,0.21,0
4.02,0.21,0
4.14,0.21,0
4.26,0.21,0
4.38,0.21,0
4.5,0.21,0
4.62,0.21,0
4.74,0.21,0
4.86,0.21,0
4.98,0.21,0
5.1,0.21,0
5.22,0.21,0
5.34,0.21,0
5.46,0.21,0
5.58,0.21,0
5.7,0.21,0
5.82,0.21,0
5.94,0.21,0

0.06,0.35,0
0.18,0.35,0
0.3,0.35,1
0.42,0.35,0
0.54,0.35,0
0.66,0.35,0
0.78,0.35,0
0.9,0.35,0
1.02,0.35,0
1.14,0.35,0
1.26,0.35,0
1.38,0.35,1
1.5,0.35,0
1.62,0.35,0
1.74,0.35,0
1.86,0.35,0
1.98,0.35,0
2.1,0.35,0
2.22,0.35,0
2.34,0.35,1
2.46,0.35,0
2.58,0.35,0
2.7,0.35,0
2.82,0.35,0
2.94,0.35,0
3.06,0.35,0
3.18,0.35,0
3.3,0.35,0
3.42,0.35,1
3.54,0.35,0
3.66,0.35,0
3.78,0.35,0
3.9,0.35,0
4.02,0.35,0
4.14,0.35,0
4.26,0.35,0
4.38,0.35,1
4.5,0.35,0
4.62,0.35,0
4.74,0.35,0
4.86,0.35,0
4.98,0.35,0
5.1,0.35,0
5.22,0.35,0
5.34,0.35,1
5.46,0.35,0
5.58,0.35,0
5.7,0.35,0
5.82,0.35,0
5.94,0.35,0

0.06,0.49,0
0.18,0.49,0
0.3,0.49,0
0.42,0.49,1
0.54,0.49,0
0.66,0.49,0
0.78,0.49,0
0.9,0.49,0
1.02,0.49,0
1.14,0.49,0
1.26,0.49,0
1.38,0.49,0
1.5,0.49,1
1.62,0.49,0
1.74,0.49,0
1.86,0.49,0
1.98,0.49,0
2.1,0.49,0
2.22,0.49,0
2.34,0.49,0
2.46,0.49,0
2.58,0.49,1
2.7,0.49,0
2.82,0.49,0
2.94,0.49,0
3.06,0.49,0
3.18,0.49,0
3.3,0.49,0
3.42,0.49,0
3.54,0.49,1
3.66,0.49,0
3.78,0.49,0
3.9,0.49,0
4.02,0.49,0
4.14,0.49,0
4.26,0.49,0
4.38,0.49,0
4.5,0.49,1
4.62,0.49,0
4.74,0.49,0
4.86,0.49,0
4.98,0.49,0
5.1,0.49,0
5.22,0.49,0
5.34,0.49,0
5.46,0.49,0
5.58,0.49,1
5.7,0.49,0
5.82,0.49,0
5.94,0.49,0

0.06,0.63,0
0.18,0.63,0
0.3,0.63,0
0.42,0.63,0
0.54,0.63,0
0.66,0.63,2
0.78,0.63,0
0.9,0.63,0
1.02,0.63,0
1.14,0.63,0
1.26,0.63,0
1.38,0.63,0
1.5,0.63,0
1.62,0.63,1
1.74,0.63,1
1.86,0.63,0
1.98,0.63,0
2.1,0.63,0
2.22,0.63,0
2.34,0.63,0
2.46,0.63,0
2.58,0.63,0
2.7,0.63,2
2.82,0.63,0
2.94,0.63,0
3.06,0.63,0
3.18,0.63,0
3.3,0.63,0
3.42,0.63,0
3.54,0.63,0
3.66,0.63,1
3.78,0.63,1
3.9,0.63,0
4.02,0.63,0
4.14,0.63,0
4.26,0.63,0
4.38,0.63,0
4.5,0.63,0
4.62,0.63,1
4.74,0.63,1
4.86,0.63,0
4.98,0.63,0
5.1,0.63,0
5.22,0.63,0
5.34,0.63,0
5.46,0.63,0
5.58,0.63,0
5.7,0.63,2
5.82,0.63,0
5.94,0.63,0

0.06,0.77,0
0.18,0.77,0
0.3,0.77,0
0.42,0.77,0
0.54,0.77,0
0.66,0.77,0
0.78,0.77,1
0.9,0.77,0
1.02,0.77,0
1.14,0.77,0
1.26,0.77,0
1.38,0.77,0
1.5,0.77,0
1.62,0.77,0
1.74,0.77,0
1.86,0.77,1
1.98,0.77,0
2.1,0.77,0
2.22,0.77,0
2.34,0.77,0
2.46,0.77,0
2.58,0.77,0
2.7,0.77,0
2.82,0.77,1
2.94,0.77,0
3.06,0.77,0
3.18,0.77,0
3.3,0.77,0
3.42,0.77,0
3.54,0.77,0
3.66,0.77,0
3.78,0.77,1
3.9,0.77,0
4.02,0.77,0
4.14,0.77,0
4.26,0.77,0
4.38,0.77,0
4.5,0.77,0
4.62,0.77,0
4.74,0.77,0
4.86,0.77,1
4.98,0.77,0
5.1,0.77,0
5.22,0.77,0
5.34,0.77,0
5.46,0.77,0
5.58,0.77,0
5.7,0.77,0
5.82,0.77,1
5.94,0.77,0

0.06,0.91,0
0.18,0.91,0
0.3,0.91,0
0.42,0.91,0
0.54,0.91,0
0.66,0.91,0
0.78,0.91,0
0.9,0.91,3
1.02,0.91,0
1.14,0.91,0
1.26,0.91,0
1.38,0.91,0
1.5,0.91,0
1.62,0.91,0
1.74,0.91,0
1.86,0.91,1
1.98,0.91,2
2.1,0.91,0
2.22,0.91,0
2.34,0.91,0
2.46,0.91,0
2.58,0.91,0
2.7,0.91,0
2.82,0.91,0
2.94,0.91,3
3.06,0.91,0
3.18,0.91,0
3.3,0.91,0
3.42,0.91,0
3.54,0.91,0
3.66,0.91,0
3.78,0.91,0
3.9,0.91,3
4.02,0.91,0
4.14,0.91,0
4.26,0.91,0
4.38,0.91,0
4.5,0.91,0
4.62,0.91,0
4.74,0.91,0
4.86,0.91,1
4.98,0.91,2
5.1,0.91,0
5.22,0.91,0
5.34,0.91,0
5.46,0.91,0
5.58,0.91,0
5.7,0.91,0
5.82,0.91,0
5.94,0.91,3

0.06,1.05,0
0.18,1.05,0
0.3,1.05,0
0.42,1.05,0
0.54,1.05,0
0.66,1.05,0
0.78,1.05,0
0.9,1.05,0
1.02,1.05,2
1.14,1.05,0
1.26,1.05,0
1.38,1.05,0
1.5,1.05,0
1.62,1.05,0
1.74,1.05,0
1.86,1.05,0
1.98,1.05,1
2.1,1.05,2
2.22,1.05,0
2.34,1.05,0
2.46,1.05,0
2.58,1.05,0
2.7,1.05,0
2.82,1.05,0
2.94,1.05,0
3.06,1.05,3
3.18,1.05,0
3.3,1.05,0
3.42,1.05,0
3.54,1.05,0
3.66,1.05,0
3.78,1.05,0
3.9,1.05,0
4.02,1.05,3
4.14,1.05,0
4.26,1.05,0
4.38,1.05,0
4.5,1.05,0
4.62,1.05,0
4.74,1.05,0
4.86,1.05,0
4.98,1.05,1
5.1,1.05,2
5.22,1.05,0
5.34,1.05,0
5.46,1.05,0
5.58,1.05,0
5.7,1.05,0
5.82,1.05,0
5.94,1.05,0

0.06,1.19,0
0.18,1.19,0
0.3,1.19,0
0.42,1.19,0
0.54,1.19,0
0.66,1.19,0
0.78,1.19,0
0.9,1.19,0
1.02,1.19,0
1.14,1.19,2
1.26,1.19,0
1.38,1.19,1
1.5,1.19,1
1.62,1.19,0
1.74,1.19,0
1.86,1.19,0
1.98,1.19,0
2.1,1.19,3
2.22,1.19,0
2.34,1.19,1
2.46,1.19,1
2.58,1.19,0
2.7,1.19,0
2.82,1.19,0
2.94,1.19,0
3.06,1.19,2
3.18,1.19,1
3.3,1.19,1
3.42,1.19,0
3.54,1.19,1
3.66,1.19,0
3.78,1.19,0
3.9,1.19,0
4.02,1.19,0
4.14,1.19,3
4.26,1.19,0
4.38,1.19,1
4.5,1.19,1
4.62,1.19,0
4.74,1.19,0
4.86,1.19,0
4.98,1.19,0
5.1,1.19,3
5.22,1.19,0
5.34,1.19,1
5.46,1.19,1
5.58,1.19,0
5.7,1.19,0
5.82,1.19,0
5.94,1.19,0

0.06,1.33,0
0.18,1.33,0
0.3,1.33,0
0.42,1.33,0
0.54,1.33,0
0.66,1.33,0
0.78,1.33,0
0.9,1.33,0
1.02,1.33,0
1.14,1.33,1
1.26,1.33,2
1.38,1.33,0
1.5,1.33,0
1.62,1.33,1
1.74,1.33,2
1.86,1.33,1
1.98,1.33,0
2.1,1.33,0
2.22,1.33,3
2.34,1.33,0
2.46,1.33,0
2.58,1.33,1
2.7,1.33,1
2.82,1.33,2
2.94,1.33,0
3.06,1.33,0
3.18,1.33,3
3.3,1.33,0
3.42,1.33,0
3.54,1.33,0
3.66,1.33,2
3.78,1.33,1
3.9,1.33,1
4.02,1.33,0
4.14,1.33,1
4.26,1.33,2
4.38,1.33,0
4.5,1.33,0
4.62,1.33,1
4.74,1.33,2
4.86,1.33,1
4.98,1.33,0
5.1,1.33,0
5.22,1.33,3
5.34,1.33,0
5.46,1.33,0
5.58,1.33,1
5.7,1.33,1
5.82,1.33,2
5.94,1.33,0

0.06,1.47,0
0.18,1.47,0
0.3,1.47,0
0.42,1.47,0
0.54,1.47,0
0.66,1.47,0
0.78,1.47,0
0.9,1.47,0
1.02,1.47,0
1.14,1.47,0
1.26,1.47,3
1.38,1.47,1
1.5,1.47,0
1.62,1.47,0
1.74,1.47,0
1.86,1.47,1
1.98,1.47,1
2.1,1.47,1
2.22,1.47,1
2.34,1.47,4
2.46,1.47,0
2.58,1.47,0
2.7,1.47,0
2.82,1.47,0
2.94,1.47,2
3.06,1.47,1
3.18,1.47,0
3.3,1.47,5
3.42,1.47,0
3.54,1.47,0
3.66,1.47,0
3.78,1.47,0
3.9,1.47,1
4.02,1.47,1
4.14,1.47,1
4.26,1.47,3
4.38,1.47,2
4.5,1.47,0
4.62,1.47,0
4.74,1.47,0
4.86,1.47,1
4.98,1.47,1
5.1,1.47,1
5.22,1.47,1
5.34,1.47,4
5.46,1.47,0
5.58,1.47,0
5.7,1.47,0
5.82,1.47,0
5.94,1.47,2

0.06,1.61,0
0.18,1.61,0
0.3,1.61,0
0.42,1.61,0
0.54,1.61,0
0.66,1.61,0
0.78,1.61,0
0.9,1.61,0
1.02,1.61,0
1.14,1.61,0
1.26,1.61,0
1.38,1.61,4
1.5,1.61,2
1.62,1.61,1
1.74,1.61,2
1.86,1.61,2
1.98,1.61,0
2.1,1.61,0
2.22,1.61,0
2.34,1.61,3
2.46,1.61,5
2.58,1.61,1
2.7,1.61,1
2.82,1.61,2
2.94,1.61,1
3.06,1.61,0
3.18,1.61,0
3.3,1.61,1
3.42,1.61,6
3.54,1.61,1
3.66,1.61,1
3.78,1.61,2
3.9,1.61,2
4.02,1.61,0
4.14,1.61,0
4.26,1.61,0
4.38,1.61,6
4.5,1.61,2
4.62,1.61,1
4.74,1.61,2
4.86,1.61,2
4.98,1.61,0
5.1,1.61,0
5.22,1.61,0
5.34,1.61,3
5.46,1.61,5
5.58,1.61,1
5.7,1.61,1
5.82,1.61,2
5.94,1.61,1

0.06,1.75,0
0.18,1.75,0
0.3,1.75,0
0.42,1.75,0
0.54,1.75,0
0.66,1.75,0
0.78,1.75,0
0.9,1.75,0
1.02,1.75,0
1.14,1.75,0
1.26,1.75,0
1.38,1.75,0
1.5,1.75,5
1.62,1.75,3
1.74,1.75,2
1.86,1.75,1
1.98,1.75,1
2.1,1.75,1
2.22,1.75,0
2.34,1.75,1
2.46,1.75,4
2.58,1.75,8
2.7,1.75,1
2.82,1.75,2
2.94,1.75,1
3.06,1.75,0
3.18,1.75,1
3.3,1.75,0
3.42,1.75,2
3.54,1.75,10
3.66,1.75,1
3.78,1.75,2
3.9,1.75,1
4.02,1.75,1
4.14,1.75,1
4.26,1.75,0
4.38,1.75,1
4.5,1.75,8
4.62,1.75,4
4.74,1.75,1
4.86,1.75,2
4.98,1.75,1
5.1,1.75,1
5.22,1.75,0
5.34,1.75,1
5.46,1.75,4
5.58,1.75,8
5.7,1.75,1
5.82,1.75,2
5.94,1.75,1

0.06,1.89,0
0.18,1.89,0
0.3,1.89,0
0.42,1.89,0
0.54,1.89,0
0.66,1.89,0
0.78,1.89,0
0.9,1.89,0
1.02,1.89,0
1.14,1.89,0
1.26,1.89,0
1.38,1.89,0
1.5,1.89,0
1.62,1.89,5
1.74,1.89,4
1.86,1.89,3
1.98,1.89,3
2.1,1.89,1
2.22,1.89,0
2.34,1.89,1
2.46,1.89,0
2.58,1.89,6
2.7,1.89,9
2.82,1.89,2
2.94,1.89,4
3.06,1.89,0
3.18,1.89,1
3.3,1.89,0
3.42,1.89,1
3.54,1.89,2
3.66,1.89,12
3.78,1.89,2
3.9,1.89,3
4.02,1.89,2
4.14,1.89,1
4.26,1.89,0
4.38,1.89,1
4.5,1.89,1
4.62,1.89,10
4.74,1.89,4
4.86,1.89,2
4.98,1.89,4
5.1,1.89,1
5.22,1.89,0
5.34,1.89,1
5.46,1.89,0
5.58,1.89,6
5.7,1.89,9
5.82,1.89,2
5.94,1.89,4

0.06,2.03,0
0.18,2.03,0
0.3,2.03,0
0.42,2.03,0
0.54,2.03,0
0.66,2.03,0
0.78,2.03,0
0.9,2.03,0
1.02,2.03,0
1.14,2.03,0
1.26,2.03,0
1.38,2.03,0
1.5,2.03,0
1.62,2.03,0
1.74,2.03,5
1.86,2.03,4
1.98,2.03,2
2.1,2.03,0
2.22,2.03,2
2.34,2.03,0
2.46,2.03,2
2.58,2.03,2
2.7,2.03,11
2.82,2.03,13
2.94,2.03,3
3.06,2.03,0
3.18,2.03,2
3.3,2.03,0
3.42,2.03,2
3.54,2.03,2
3.66,2.03,3
3.78,2.03,20
3.9,2.03,3
4.02,2.03,1
4.14,2.03,1
4.26,2.03,1
4.38,2.03,2
4.5,2.03,1
4.62,2.03,3
4.74,2.03,14
4.86,2.03,9
4.98,2.03,2
5.1,2.03,0
5.22,2.03,2
5.34,2.03,0
5.46,2.03,2
5.58,2.03,2
5.7,2.03,10
5.82,2.03,13
5.94,2.03,4

0.06,2.17,0
0.18,2.17,0
0.3,2.17,0
0.42,2.17,0
0.54,2.17,0
0.66,2.17,0
0.78,2.17,0
0.9,2.17,0
1.02,2.17,0
1.14,2.17,0
1.26,2.17,0
1.38,2.17,0
1.5,2.17,0
1.62,2.17,0
1.74,2.17,0
1.86,2.17,6
1.98,2.17,7
2.1,2.17,0
2.22,2.17,2
2.34,2.17,0
2.46,2.17,2
2.58,2.17,2
2.7,2.17,2
2.82,2.17,12
2.94,2.17,24
3.06,2.17,0
3.18,2.17,1
3.3,2.17,2
3.42,2.17,2
3.54,2.17,2
3.66,2.17,2
3.78,2.17,5
3.9,2.17,27
4.02,2.17,4
4.14,2.17,0
4.26,2.17,3
4.38,2.17,1
4.5,2.17,1
4.62,2.17,3
4.74,2.17,3
4.86,2.17,19
4.98,2.17,15
5.1,2.17,0
5.22,2.17,2
5.34,2.17,1
5.46,2.17,2
5.58,2.17,2
5.7,2.17,2
5.82,2.17,12
5.94,2.17,24

0.06,2.31,0
0.18,2.31,0
0.3,2.31,0
0.42,2.31,0
0.54,2.31,0
0.66,2.31,0
0.78,2.31,0
0.9,2.31,0
1.02,2.31,0
1.14,2.31,0
1.26,2.31,0
1.38,2.31,0
1.5,2.31,0
1.62,2.31,0
1.74,2.31,0
1.86,2.31,0
1.98,2.31,9
2.1,2.31,5
2.22,2.31,0
2.34,2.31,2
2.46,2.31,2
2.58,2.31,2
2.7,2.31,2
2.82,2.31,2
2.94,2.31,10
3.06,2.31,18
3.18,2.31,3
3.3,2.31,2
3.42,2.31,1
3.54,2.31,3
3.66,2.31,5
3.78,2.31,2
3.9,2.31,7
4.02,2.31,27
4.14,2.31,4
4.26,2.31,1
4.38,2.31,2
4.5,2.31,3
4.62,2.31,3
4.74,2.31,5
4.86,2.31,4
4.98,2.31,22
5.1,2.31,13
5.22,2.31,2
5.34,2.31,2
5.46,2.31,3
5.58,2.31,3
5.7,2.31,3
5.82,2.31,4
5.94,2.31,13

0.06,2.45,0
0.18,2.45,0
0.3,2.45,0
0.42,2.45,0
0.54,2.45,0
0.66,2.45,0
0.78,2.45,0
0.9,2.45,0
1.02,2.45,0
1.14,2.45,0
1.26,2.45,0
1.38,2.45,0
1.5,2.45,0
1.62,2.45,0
1.74,2.45,0
1.86,2.45,0
1.98,2.45,0
2.1,2.45,21
2.22,2.45,3
2.34,2.45,7
2.46,2.45,8
2.58,2.45,11
2.7,2.45,6
2.82,2.45,7
2.94,2.45,6
3.06,2.45,16
3.18,2.45,16
3.3,2.45,8
3.42,2.45,8
3.54,2.45,12
3.66,2.45,13
3.78,2.45,4
3.9,2.45,7
4.02,2.45,9
4.14,2.45,27
4.26,2.45,4
4.38,2.45,10
4.5,2.45,12
4.62,2.45,13
4.74,2.45,7
4.86,2.45,6
4.98,2.45,3
5.1,2.45,31
5.22,2.45,5
5.34,2.45,9
5.46,2.45,11
5.58,2.45,14
5.7,2.45,6
5.82,2.45,7
5.94,2.45,6

0.06,2.59,0
0.18,2.59,0
0.3,2.59,0
0.42,2.59,0
0.54,2.59,0
0.66,2.59,0
0.78,2.59,0
0.9,2.59,0
1.02,2.59,0
1.14,2.59,0
1.26,2.59,0
1.38,2.59,0
1.5,2.59,0
1.62,2.59,0
1.74,2.59,0
1.86,2.59,0
1.98,2.59,0
2.1,2.59,0
2.22,2.59,34
2.34,2.59,4
2.46,2.59,4
2.58,2.59,3
2.7,2.59,12
2.82,2.59,21
2.94,2.59,20
3.06,2.59,4
3.18,2.59,23
3.3,2.59,19
3.42,2.59,0
3.54,2.59,4
3.66,2.59,14
3.78,2.59,21
3.9,2.59,29
4.02,2.59,8
4.14,2.59,11
4.26,2.59,31
4.38,2.59,4
4.5,2.59,4
4.62,2.59,5
4.74,2.59,23
4.86,2.59,30
4.98,2.59,10
5.1,2.59,4
5.22,2.59,42
5.34,2.59,4
5.46,2.59,4
5.58,2.59,4
5.7,2.59,15
5.82,2.59,27
5.94,2.59,22

0.06,2.73,0
0.18,2.73,0
0.3,2.73,0
0.42,2.73,0
0.54,2.73,0
0.66,2.73,0
0.78,2.73,0
0.9,2.73,0
1.02,2.73,0
1.14,2.73,0
1.26,2.73,0
1.38,2.73,0
1.5,2.73,0
1.62,2.73,0
1.74,2.73,0
1.86,2.73,0
1.98,2.73,0
2.1,2.73,0
2.22,2.73,1
2.34,2.73,33
2.46,2.73,5
2.58,2.73,13
2.7,2.73,8
2.82,2.73,9
2.94,2.73,15
3.06,2.73,5
3.18,2.73,0
3.3,2.73,40
3.42,2.73,21
3.54,2.73,16
3.66,2.73,19
3.78,2.73,6
3.9,2.73,13
4.02,2.73,18
4.14,2.73,8
4.26,2.73,24
4.38,2.73,49
4.5,2.73,15
4.62,2.73,16
4.74,2.73,12
4.86,2.73,10
4.98,2.73,18
5.1,2.73,10
5.22,2.73,5
5.34,2.73,68
5.46,2.73,14
5.58,2.73,17
5.7,2.73,9
5.82,2.73,11
5.94,2.73,22

0.06,2.87,0
0.18,2.87,0
0.3,2.87,0
0.42,2.87,0
0.54,2.87,0
0.66,2.87,0
0.78,2.87,0
0.9,2.87,0
1.02,2.87,0
1.14,2.87,0
1.26,2.87,0
1.38,2.87,0
1.5,2.87,0
1.62,2.87,0
1.74,2.87,0
1.86,2.87,0
1.98,2.87,0
2.1,2.87,0
2.22,2.87,0
2.34,2.87,4
2.46,2.87,47
2.58,2.87,5
2.7,2.87,13
2.82,2.87,23
2.94,2.87,29
3.06,2.87,7
3.18,2.87,1
3.3,2.87,5
3.42,2.87,50
3.54,2.87,27
3.66,2.87,14
3.78,2.87,32
3.9,2.87,38
4.02,2.87,19
4.14,2.87,12
4.26,2.87,5
4.38,2.87,43
4.5,2.87,59
4.62,2.87,9
4.74,2.87,29
4.86,2.87,37
4.98,2.87,27
5.1,2.87,12
5.22,2.87,4
5.34,2.87,18
5.46,2.87,84
5.58,2.87,10
5.7,2.87,19
5.82,2.87,34
5.94,2.87,40

0.06,3.01,0
0.18,3.01,0
0.3,3.01,0
0.42,3.01,0
0.54,3.01,0
0.66,3.01,0
0.78,3.01,0
0.9,3.01,0
1.02,3.01,0
1.14,3.01,0
1.26,3.01,0
1.38,3.01,0
1.5,3.01,0
1.62,3.01,0
1.74,3.01,0
1.86,3.01,0
1.98,3.01,0
2.1,3.01,0
2.22,3.01,0
2.34,3.01,0
2.46,3.01,0
2.58,3.01,50
2.7,3.01,21
2.82,3.01,24
2.94,3.01,30
3.06,3.01,0
3.18,3.01,11
3.3,3.01,1
3.42,3.01,12
3.54,3.01,69
3.66,3.01,51
3.78,3.01,38
3.9,3.01,44
4.02,3.01,22
4.14,3.01,15
4.26,3.01,5
4.38,3.01,19
4.5,3.01,61
4.62,3.01,100
4.74,3.01,26
4.86,3.01,42
4.98,3.01,40
5.1,3.01,15
5.22,3.01,4
5.34,3.01,17
5.46,3.01,18
5.58,3.01,136
5.7,3.01,34
5.82,3.01,40
5.94,3.01,46

0.06,3.15,0
0.18,3.15,0
0.3,3.15,0
0.42,3.15,0
0.54,3.15,0
0.66,3.15,0
0.78,3.15,0
0.9,3.15,0
1.02,3.15,0
1.14,3.15,0
1.26,3.15,0
1.38,3.15,0
1.5,3.15,0
1.62,3.15,0
1.74,3.15,0
1.86,3.15,0
1.98,3.15,0
2.1,3.15,0
2.22,3.15,0
2.34,3.15,0
2.46,3.15,0
2.58,3.15,0
2.7,3.15,50
2.82,3.15,38
2.94,3.15,42
3.06,3.15,0
3.18,3.15,15
3.3,3.15,1
3.42,3.15,16
3.54,3.15,16
3.66,3.15,77
3.78,3.15,94
3.9,3.15,75
4.02,3.15,27
4.14,3.15,19
4.26,3.15,5
4.38,3.15,22
4.5,3.15,23
4.62,3.15,76
4.74,3.15,154
4.86,3.15,71
4.98,3.15,57
5.1,3.15,4
5.22,3.15,19
5.34,3.15,13
5.46,3.15,16
5.58,3.15,32
5.7,3.15,194
5.82,3.15,82
5.94,3.15,71

0.06,3.29,0
0.18,3.29,0
0.3,3.29,0
0.42,3.29,0
0.54,3.29,0
0.66,3.29,0
0.78,3.29,0
0.9,3.29,0
1.02,3.29,0
1.14,3.29,0
1.26,3.29,0
1.38,3.29,0
1.5,3.29,0
1.62,3.29,0
1.74,3.29,0
1.86,3.29,0
1.98,3.29,0
2.1,3.29,0
2.22,3.29,0
2.34,3.29,0
2.46,3.29,0
2.58,3.29,0
2.7,3.29,0
2.82,3.29,25
2.94,3.29,43
3.06,3.29,0
3.18,3.29,15
3.3,3.29,8
3.42,3.29,23
3.54,3.29,23
3.66,3.29,23
3.78,3.29,96
3.9,3.29,130
4.02,3.29,52
4.14,3.29,8
4.26,3.29,31
4.38,3.29,29
4.5,3.29,26
4.62,3.29,61
4.74,3.29,93
4.86,3.29,248
4.98,3.29,88
5.1,3.29,6
5.22,3.29,31
5.34,3.29,12
5.46,3.29,37
5.58,3.29,42
5.7,3.29,64
5.82,3.29,232
5.94,3.29,164

0.06,3.43,0
0.18,3.43,0
0.3,3.43,0
0.42,3.43,0
0.54,3.43,0
0.66,3.43,0
0.78,3.43,0
0.9,3.43,0
1.02,3.43,0
1.14,3.43,0
1.26,3.43,0
1.38,3.43,0
1.5,3.43,0
1.62,3.43,0
1.74,3.43,0
1.86,3.43,0
1.98,3.43,0
2.1,3.43,0
2.22,3.43,0
2.34,3.43,0
2.46,3.43,0
2.58,3.43,0
2.7,3.43,0
2.82,3.43,0
2.94,3.43,8
3.06,3.43,70
3.18,3.43,4
3.3,3.43,22
3.42,3.43,20
3.54,3.43,25
3.66,3.43,36
3.78,3.43,44
3.9,3.43,78
4.02,3.43,115
4.14,3.43,8
4.26,3.43,30
4.38,3.43,20
4.5,3.43,45
4.62,3.43,50
4.74,3.43,84
4.86,3.43,108
4.98,3.43,303
5.1,3.43,17
5.22,3.43,25
5.34,3.43,35
5.46,3.43,51
5.58,3.43,57
5.7,3.43,69
5.82,3.43,100
5.94,3.43,321

0.06,3.57,0
0.18,3.57,0
0.3,3.57,0
0.42,3.57,0
0.54,3.57,0
0.66,3.57,0
0.78,3.57,0
0.9,3.57,0
1.02,3.57,0
1.14,3.57,0
1.26,3.57,0
1.38,3.57,0
1.5,3.57,0
1.62,3.57,0
1.74,3.57,0
1.86,3.57,0
1.98,3.57,0
2.1,3.57,0
2.22,3.57,0
2.34,3.57,0
2.46,3.57,0
2.58,3.57,0
2.7,3.57,0
2.82,3.57,0
2.94,3.57,0
3.06,3.57,192
3.18,3.57,43
3.3,3.57,50
3.42,3.57,74
3.54,3.57,94
3.66,3.57,79
3.78,3.57,72
3.9,3.57,115
4.02,3.57,169
4.14,3.57,188
4.26,3.57,60
4.38,3.57,108
4.5,3.57,133
4.62,3.57,69
4.74,3.57,105
4.86,3.57,125
4.98,3.57,108
5.1,3.57,320
5.22,3.57,58
5.34,3.57,110
5.46,3.57,132
5.58,3.57,101
5.7,3.57,72
5.82,3.57,115
5.94,3.57,133

0.06,3.71,0
0.18,3.71,0
0.3,3.71,0
0.42,3.71,0
0.54,3.71,0
0.66,3.71,0
0.78,3.71,0
0.9,3.71,0
1.02,3.71,0
1.14,3.71,0
1.26,3.71,0
1.38,3.71,0
1.5,3.71,0
1.62,3.71,0
1.74,3.71,0
1.86,3.71,0
1.98,3.71,0
2.1,3.71,0
2.22,3.71,0
2.34,3.71,0
2.46,3.71,0
2.58,3.71,0
2.7,3.71,0
2.82,3.71,0
2.94,3.71,0
3.06,3.71,0
3.18,3.71,279
3.3,3.71,82
3.42,3.71,32
3.54,3.71,81
3.66,3.71,183
3.78,3.71,206
3.9,3.71,217
4.02,3.71,104
4.14,3.71,186
4.26,3.71,183
4.38,3.71,70
4.5,3.71,77
4.62,3.71,181
4.74,3.71,276
4.86,3.71,312
4.98,3.71,111
5.1,3.71,128
5.22,3.71,323
5.34,3.71,66
5.46,3.71,74
5.58,3.71,153
5.7,3.71,236
5.82,3.71,344
5.94,3.71,212

0.06,3.85,0
0.18,3.85,0
0.3,3.85,0
0.42,3.85,0
0.54,3.85,0
0.66,3.85,0
0.78,3.85,0
0.9,3.85,0
1.02,3.85,0
1.14,3.85,0
1.26,3.85,0
1.38,3.85,0
1.5,3.85,0
1.62,3.85,0
1.74,3.85,0
1.86,3.85,0
1.98,3.85,0
2.1,3.85,0
2.22,3.85,0
2.34,3.85,0
2.46,3.85,0
2.58,3.85,0
2.7,3.85,0
2.82,3.85,0
2.94,3.85,0
3.06,3.85,0
3.18,3.85,0
3.3,3.85,306
3.42,3.85,60
3.54,3.85,97
3.66,3.85,116
3.78,3.85,98
3.9,3.85,222
4.02,3.85,147
4.14,3.85,27
4.26,3.85,269
4.38,3.85,299
4.5,3.85,167
4.62,3.85,114
4.74,3.85,187
4.86,3.85,238
4.98,3.85,296
5.1,3.85,81
5.22,3.85,141
5.34,3.85,516
5.46,3.85,185
5.58,3.85,150
5.7,3.85,141
5.82,3.85,205
5.94,3.85,466

0.06,3.99,0
0.18,3.99,0
0.3,3.99,0
0.42,3.99,0
0.54,3.99,0
0.66,3.99,0
0.78,3.99,0
0.9,3.99,0
1.02,3.99,0
1.14,3.99,0
1.26,3.99,0
1.38,3.99,0
1.5,3.99,0
1.62,3.99,0
1.74,3.99,0
1.86,3.99,0
1.98,3.99,0
2.1,3.99,0
2.22,3.99,0
2.34,3.99,0
2.46,3.99,0
2.58,3.99,0
2.7,3.99,0
2.82,3.99,0
2.94,3.99,0
3.06,3.99,0
3.18,3.99,0
3.3,3.99,0
3.42,3.99,398
3.54,3.99,176
3.66,3.99,180
3.78,3.99,282
3.9,3.99,352
4.02,3.99,146
4.14,3.99,68
4.26,3.99,8
4.38,3.99,343
4.5,3.99,410
4.62,3.99,249
4.74,3.99,384
4.86,3.99,481
4.98,3.99,355
5.1,3.99,114
5.22,3.99,32
5.34,3.99,255
5.46,3.99,660
5.58,3.99,251
5.7,3.99,321
5.82,3.99,486
5.94,3.99,591

0.06,4.13,0
0.18,4.13,0
0.3,4.13,0
0.42,4.13,0
0.54,4.13,0
0.66,4.13,0
0.78,4.13,0
0.9,4.13,0
1.02,4.13,0
1.14,4.13,0
1.26,4.13,0
1.38,4.13,0
1.5,4.13,0
1.62,4.13,0
1.74,4.13,0
1.86,4.13,0
1.98,4.13,0
2.1,4.13,0
2.22,4.13,0
2.34,4.13,0
2.46,4.13,0
2.58,4.13,0
2.7,4.13,0
2.82,4.13,0
2.94,4.13,0
3.06,4.13,0
3.18,4.13,0
3.3,4.13,0
3.42,4.13,0
3.54,4.13,300
3.66,4.13,204
3.78,4.13,246
3.9,4.13,298
4.02,4.13,123
4.14,4.13,109
4.26,4.13,13
4.38,4.13,94
4.5,4.13,386
4.62,4.13,598
4.74,4.13,343
4.86,4.13,525
4.98,4.13,486
5.1,4.13,156
5.22,4.13,54
5.34,4.13,183
5.46,4.13,229
5.58,4.13,1055
5.7,4.13,457
5.82,4.13,599
5.94,4.13,724

0.06,4.27,0
0.18,4.27,0
0.3,4.27,0
0.42,4.27,0
0.54,4.27,0
0.66,4.27,0
0.78,4.27,0
0.9,4.27,0
1.02,4.27,0
1.14,4.27,0
1.26,4.27,0
1.38,4.27,0
1.5,4.27,0
1.62,4.27,0
1.74,4.27,0
1.86,4.27,0
1.98,4.27,0
2.1,4.27,0
2.22,4.27,0
2.34,4.27,0
2.46,4.27,0
2.58,4.27,0
2.7,4.27,0
2.82,4.27,0
2.94,4.27,0
3.06,4.27,0
3.18,4.27,0
3.3,4.27,0
3.42,4.27,0
3.54,4.27,0
3.66,4.27,231
3.78,4.27,255
3.9,4.27,266
4.02,4.27,104
4.14,4.27,151
4.26,4.27,16
4.38,4.27,151
4.5,4.27,154
4.62,4.27,393
4.74,4.27,750
4.86,4.27,671
4.98,4.27,582
5.1,4.27,73
5.22,4.27,206
5.34,4.27,185
5.46,4.27,199
5.58,4.27,424
5.7,4.27,1537
5.82,4.27,930
5.94,4.27,902

0.06,4.41,0
0.18,4.41,0
0.3,4.41,0
0.42,4.41,0
0.54,4.41,0
0.66,4.41,0
0.78,4.41,0
0.9,4.41,0
1.02,4.41,0
1.14,4.41,0
1.26,4.41,0
1.38,4.41,0
1.5,4.41,0
1.62,4.41,0
1.74,4.41,0
1.86,4.41,0
1.98,4.41,0
2.1,4.41,0
2.22,4.41,0
2.34,4.41,0
2.46,4.41,0
2.58,4.41,0
2.7,4.41,0
2.82,4.41,0
2.94,4.41,0
3.06,4.41,0
3.18,4.41,0
3.3,4.41,0
3.42,4.41,0
3.54,4.41,0
3.66,4.41,0
3.78,4.41,140
3.9,4.41,229
4.02,4.41,78
4.14,4.41,10
4.26,4.41,221
4.38,4.41,179
4.5,4.41,107
4.62,4.41,378
4.74,4.41,424
4.86,4.41,976
4.98,4.41,785
5.1,4.41,70
5.22,4.41,323
5.34,4.41,138
5.46,4.41,386
5.58,4.41,435
5.7,4.41,699
5.82,4.41,1691
5.94,4.41,1757

0.06,4.55,0
0.18,4.55,0
0.3,4.55,0
0.42,4.55,0
0.54,4.55,0
0.66,4.55,0
0.78,4.55,0
0.9,4.55,0
1.02,4.55,0
1.14,4.55,0
1.26,4.55,0
1.38,4.55,0
1.5,4.55,0
1.62,4.55,0
1.74,4.55,0
1.86,4.55,0
1.98,4.55,0
2.1,4.55,0
2.22,4.55,0
2.34,4.55,0
2.46,4.55,0
2.58,4.55,0
2.7,4.55,0
2.82,4.55,0
2.94,4.55,0
3.06,4.55,0
3.18,4.55,0
3.3,4.55,0
3.42,4.55,0
3.54,4.55,0
3.66,4.55,0
3.78,4.55,0
3.9,4.55,41
4.02,4.55,572
4.14,4.55,54
4.26,4.55,210
4.38,4.55,136
4.5,4.55,305
4.62,4.55,345
4.74,4.55,519
4.86,4.55,537
4.98,4.55,1166
5.1,4.55,153
5.22,4.55,258
5.34,4.55,328
5.46,4.55,508
5.58,4.55,577
5.7,4.55,671
5.82,4.55,897
5.94,4.55,2187

0.06,4.69,0
0.18,4.69,0
0.3,4.69,0
0.42,4.69,0
0.54,4.69,0
0.66,4.69,0
0.78,4.69,0
0.9,4.69,0
1.02,4.69,0
1.14,4.69,0
1.26,4.69,0
1.38,4.69,0
1.5,4.69,0
1.62,4.69,0
1.74,4.69,0
1.86,4.69,0
1.98,4.69,0
2.1,4.69,0
2.22,4.69,0
2.34,4.69,0
2.46,4.69,0
2.58,4.69,0
2.7,4.69,0
2.82,4.69,0
2.94,4.69,0
3.06,4.69,0
3.18,4.69,0
3.3,4.69,0
3.42,4.69,0
3.54,4.69,0
3.66,4.69,0
3.78,4.69,0
3.9,4.69,0
4.02,4.69,1150
4.14,4.69,1370
4.26,4.69,239
4.38,4.69,969
4.5,4.69,1266
4.62,4.69,841
4.74,4.69,1244
4.86,4.69,1579
4.98,4.69,1361
5.1,4.69,2911
5.22,4.69,644
5.34,4.69,1164
5.46,4.69,1457
5.58,4.69,1277
5.7,4.69,1117
5.82,4.69,1841
5.94,4.69,2024

0.06,4.83,0
0.18,4.83,0
0.3,4.83,0
0.42,4.83,0
0.54,4.83,0
0.66,4.83,0
0.78,4.83,0
0.9,4.83,0
1.02,4.83,0
1.14,4.83,0
1.26,4.83,0
1.38,4.83,0
1.5,4.83,0
1.62,4.83,0
1.74,4.83,0
1.86,4.83,0
1.98,4.83,0
2.1,4.83,0
2.22,4.83,0
2.34,4.83,0
2.46,4.83,0
2.58,4.83,0
2.7,4.83,0
2.82,4.83,0
2.94,4.83,0
3.06,4.83,0
3.18,4.83,0
3.3,4.83,0
3.42,4.83,0
3.54,4.83,0
3.66,4.83,0
3.78,4.83,0
3.9,4.83,0
4.02,4.83,0
4.14,4.83,1542
4.26,4.83,1850
4.38,4.83,701
4.5,4.83,788
4.62,4.83,1699
4.74,4.83,2460
4.86,4.83,3211
4.98,4.83,1568
5.1,4.83,993
5.22,4.83,3151
5.34,4.83,884
5.46,4.83,1041
5.58,4.83,1792
5.7,4.83,2645
5.82,4.83,3850
5.94,4.83,3406

0.06,4.97,0
0.18,4.97,0
0.3,4.97,0
0.42,4.97,0
0.54,4.97,0
0.66,4.97,0
0.78,4.97,0
0.9,4.97,0
1.02,4.97,0
1.14,4.97,0
1.26,4.97,0
1.38,4.97,0
1.5,4.97,0
1.62,4.97,0
1.74,4.97,0
1.86,4.97,0
1.98,4.97,0
2.1,4.97,0
2.22,4.97,0
2.34,4.97,0
2.46,4.97,0
2.58,4.97,0
2.7,4.97,0
2.82,4.97,0
2.94,4.97,0
3.06,4.97,0
3.18,4.97,0
3.3,4.97,0
3.42,4.97,0
3.54,4.97,0
3.66,4.97,0
3.78,4.97,0
3.9,4.97,0
4.02,4.97,0
4.14,4.97,0
4.26,4.97,1830
4.38,4.97,1669
4.5,4.97,1130
4.62,4.97,1383
4.74,4.97,1583
4.86,4.97,1946
4.98,4.97,2523
5.1,4.97,499
5.22,4.97,722
5.34,4.97,4482
5.46,4.97,1868
5.58,4.97,2133
5.7,4.97,1817
5.82,4.97,2820
5.94,4.97,4832

0.06,5.11,0
0.18,5.11,0
0.3,5.11,0
0.42,5.11,0
0.54,5.11,0
0.66,5.11,0
0.78,5.11,0
0.9,5.11,0
1.02,5.11,0
1.14,5.11,0
1.26,5.11,0
1.38,5.11,0
1.5,5.11,0
1.62,5.11,0
1.74,5.11,0
1.86,5.11,0
1.98,5.11,0
2.1,5.11,0
2.22,5.11,0
2.34,5.11,0
2.46,5.11,0
2.58,5.11,0
2.7,5.11,0
2.82,5.11,0
2.94,5.11,0
3.06,5.11,0
3.18,5.11,0
3.3,5.11,0
3.42,5.11,0
3.54,5.11,0
3.66,5.11,0
3.78,5.11,0
3.9,5.11,0
4.02,5.11,0
4.14,5.11,0
4.26,5.11,0
4.38,5.11,1718
4.5,5.11,2504
4.62,5.11,1514
4.74,5.11,2455
4.86,5.11,3176
4.98,5.11,2629
5.1,5.11,717
5.22,5.11,0
5.34,5.11,1427
5.46,5.11,5338
5.58,5.11,2306
5.7,5.11,3325
5.82,5.11,5028
5.94,5.11,6040

0.06,5.25,0
0.18,5.25,0
0.3,5.25,0
0.42,5.25,0
0.54,5.25,0
0.66,5.25,0
0.78,5.25,0
0.9,5.25,0
1.02,5.25,0
1.14,5.25,0
1.26,5.25,0
1.38,5.25,0
1.5,5.25,0
1.62,5.25,0
1.74,5.25,0
1.86,5.25,0
1.98,5.25,0
2.1,5.25,0
2.22,5.25,0
2.34,5.25,0
2.46,5.25,0
2.58,5.25,0
2.7,5.25,0
2.82,5.25,0
2.94,5.25,0
3.06,5.25,0
3.18,5.25,0
3.3,5.25,0
3.42,5.25,0
3.54,5.25,0
3.66,5.25,0
3.78,5.25,0
3.9,5.25,0
4.02,5.25,0
4.14,5.25,0
4.26,5.25,0
4.38,5.25,0
4.5,5.25,1075
4.62,5.25,2638
4.74,5.25,1730
4.86,5.25,2590
4.98,5.25,2454
5.1,5.25,1148
5.22,5.25,0
5.34,5.25,1124
5.46,5.25,454
5.58,5.25,6686
5.7,5.25,4367
5.82,5.25,5510
5.94,5.25,6475

0.06,5.39,0
0.18,5.39,0
0.3,5.39,0
0.42,5.39,0
0.54,5.39,0
0.66,5.39,0
0.78,5.39,0
0.9,5.39,0
1.02,5.39,0
1.14,5.39,0
1.26,5.39,0
1.38,5.39,0
1.5,5.39,0
1.62,5.39,0
1.74,5.39,0
1.86,5.39,0
1.98,5.39,0
2.1,5.39,0
2.22,5.39,0
2.34,5.39,0
2.46,5.39,0
2.58,5.39,0
2.7,5.39,0
2.82,5.39,0
2.94,5.39,0
3.06,5.39,0
3.18,5.39,0
3.3,5.39,0
3.42,5.39,0
3.54,5.39,0
3.66,5.39,0
3.78,5.39,0
3.9,5.39,0
4.02,5.39,0
4.14,5.39,0
4.26,5.39,0
4.38,5.39,0
4.5,5.39,0
4.62,5.39,798
4.74,5.39,2198
4.86,5.39,2374
4.98,5.39,2222
5.1,5.39,54
5.22,5.39,1533
5.34,5.39,894
5.46,5.39,1044
5.58,5.39,1639
5.7,5.39,7290
5.82,5.39,7546
5.94,5.39,8467

0.06,5.53,0
0.18,5.53,0
0.3,5.53,0
0.42,5.53,0
0.54,5.53,0
0.66,5.53,0
0.78,5.53,0
0.9,5.53,0
1.02,5.53,0
1.14,5.53,0
1.26,5.53,0
1.38,5.53,0
1.5,5.53,0
1.62,5.53,0
1.74,5.53,0
1.86,5.53,0
1.98,5.53,0
2.1,5.53,0
2.22,5.53,0
2.34,5.53,0
2.46,5.53,0
2.58,5.53,0
2.7,5.53,0
2.82,5.53,0
2.94,5.53,0
3.06,5.53,0
3.18,5.53,0
3.3,5.53,0
3.42,5.53,0
3.54,5.53,0
3.66,5.53,0
3.78,5.53,0
3.9,5.53,0
4.02,5.53,0
4.14,5.53,0
4.26,5.53,0
4.38,5.53,0
4.5,5.53,0
4.62,5.53,0
4.74,5.53,114
4.86,5.53,746
4.98,5.53,634
5.1,5.53,0
5.22,5.53,2187
5.34,5.53,244
5.46,5.53,2433
5.58,5.53,2432
5.7,5.53,3782
5.82,5.53,5119
5.94,5.53,9938

0.06,5.67,0
0.18,5.67,0
0.3,5.67,0
0.42,5.67,0
0.54,5.67,0
0.66,5.67,0
0.78,5.67,0
0.9,5.67,0
1.02,5.67,0
1.14,5.67,0
1.26,5.67,0
1.38,5.67,0
1.5,5.67,0
1.62,5.67,0
1.74,5.67,0
1.86,5.67,0
1.98,5.67,0
2.1,5.67,0
2.22,5.67,0
2.34,5.67,0
2.46,5.67,0
2.58,5.67,0
2.7,5.67,0
2.82,5.67,0
2.94,5.67,0
3.06,5.67,0
3.18,5.67,0
3.3,5.67,0
3.42,5.67,0
3.54,5.67,0
3.66,5.67,0
3.78,5.67,0
3.9,5.67,0
4.02,5.67,0
4.14,5.67,0
4.26,5.67,0
4.38,5.67,0
4.5,5.67,0
4.62,5.67,0
4.74,5.67,0
4.86,5.67,0
4.98,5.67,8597
5.1,5.67,2031
5.22,5.67,2000
5.34,5.67,2558
5.46,5.67,3845
5.58,5.67,4451
5.7,5.67,5371
5.82,5.67,8258
5.94,5.67,9985

0.06,5.81,0
0.18,5.81,0
0.3,5.81,0
0.42,5.81,0
0.54,5.81,0
0.66,5.81,0
0.78,5.81,0
0.9,5.81,0
1.02,5.81,0
1.14,5.81,0
1.26,5.81,0
1.38,5.81,0
1.5,5.81,0
1.62,5.81,0
1.74,5.81,0
1.86,5.81,0
1.98,5.81,0
2.1,5.81,0
2.22,5.81,0
2.34,5.81,0
2.46,5.81,0
2.58,5.81,0
2.7,5.81,0
2.82,5.81,0
2.94,5.81,0
3.06,5.81,0
3.18,5.81,0
3.3,5.81,0
3.42,5.81,0
3.54,5.81,0
3.66,5.81,0
3.78,5.81,0
3.9,5.81,0
4.02,5.81,0
4.14,5.81,0
4.26,5.81,0
4.38,5.81,0
4.5,5.81,0
4.62,5.81,0
4.74,5.81,0
4.86,5.81,0
4.98,5.81,0
5.1,5.81,25327
5.22,5.81,3047
5.34,5.81,9943
5.46,5.81,13389
5.58,5.81,17545
5.7,5.81,13863
5.82,5.81,18256
5.94,5.81,22830

0.06,5.95,0
0.18,5.95,0
0.3,5.95,0
0.42,5.95,0
0.54,5.95,0
0.66,5.95,0
0.78,5.95,0
0.9,5.95,0
1.02,5.95,0
1.14,5.95,0
1.26,5.95,0
1.38,5.95,0
1.5,5.95,0
1.62,5.95,0
1.74,5.95,0
1.86,5.95,0
1.98,5.95,0
2.1,5.95,0
2.22,5.95,0
2.34,5.95,0
2.46,5.95,0
2.58,5.95,0
2.7,5.95,0
2.82,5.95,0
2.94,5.95,0
3.06,5.95,0
3.18,5.95,0
3.3,5.95,0
3.42,5.95,0
3.54,5.95,0
3.66,5.95,0
3.78,5.95,0
3.9,5.95,0
4.02,5.95,0
4.14,5.95,0
4.26,5.95,0
4.38,5.95,0
4.5,5.95,0
4.62,5.95,0
4.74,5.95,0
4.86,5.95,0
4.98,5.95,0
5.1,5.95,0
5.22,5.95,31179
5.34,5.95,9434
5.46,5.95,10237
5.58,5.95,12174
5.7,5.95,23839
5.82,5.95,33815
5.94,5.95,40816

0.06,6.09,0
0.18,6.09,0
0.3,6.09,0
0.42,6.09,0
0.54,6.09,0
0.66,6.09,0
0.78,6.09,0
0.9,6.09,0
1.02,6.09,0
1.14,6.09,0
1.26,6.09,0
1.38,6.09,0
1.5,6.09,0
1.62,6.09,0
1.74,6.09,0
1.86,6.09,0
1.98,6.09,0
2.1,6.09,0
2.22,6.09,0
2.34,6.09,0
2.46,6.09,0
2.58,6.09,0
2.7,6.09,0
2.82,6.09,0
2.94,6.09,0
3.06,6.09,0
3.18,6.09,0
3.3,6.09,0
3.42,6.09,0
3.54,6.09,0
3.66,6.09,0
3.78,6.09,0
3.9,6.09,0
4.02,6.09,0
4.14,6.09,0
4.26,6.09,0
4.38,6.09,0
4.5,6.09,0
4.62,6.09,0
4.74,6.09,0
4.86,6.09,0
4.98,6.09,0
5.1,6.09,0
5.22,6.09,0
5.34,6.09,26517
5.46,6.09,13039
5.58,6.09,16870
5.7,6.09,22197
5.82,6.09,23646
5.94,6.09,31964

0.06,6.23,0
0.18,6.23,0
0.3,6.23,0
0.42,6.23,0
0.54,6.23,0
0.66,6.23,0
0.78,6.23,0
0.9,6.23,0
1.02,6.23,0
1.14,6.23,0
1.26,6.23,0
1.38,6.23,0
1.5,6.23,0
1.62,6.23,0
1.74,6.23,0
1.86,6.23,0
1.98,6.23,0
2.1,6.23,0
2.22,6.23,0
2.34,6.23,0
2.46,6.23,0
2.58,6.23,0
2.7,6.23,0
2.82,6.23,0
2.94,6.23,0
3.06,6.23,0
3.18,6.23,0
3.3,6.23,0
3.42,6.23,0
3.54,6.23,0
3.66,6.23,0
3.78,6.23,0
3.9,6.23,0
4.02,6.23,0
4.14,6.23,0
4.26,6.23,0
4.38,6.23,0
4.5,6.23,0
4.62,6.23,0
4.74,6.23,0
4.86,6.23,0
4.98,6.23,0
5.1,6.23,0
5.22,6.23,0
5.34,6.23,0
5.46,6.23,23173
5.58,6.23,17090
5.7,6.23,18085
5.82,6.23,26735
5.94,6.23,36914

0.06,6.37,0
0.18,6.37,0
0.3,6.37,0
0.42,6.37,0
0.54,6.37,0
0.66,6.37,0
0.78,6.37,0
0.9,6.37,0
1.02,6.37,0
1.14,6.37,0
1.26,6.37,0
1.38,6.37,0
1.5,6.37,0
1.62,6.37,0
1.74,6.37,0
1.86,6.37,0
1.98,6.37,0
2.1,6.37,0
2.22,6.37,0
2.34,6.37,0
2.46,6.37,0
2.58,6.37,0
2.7,6.37,0
2.82,6.37,0
2.94,6.37,0
3.06,6.37,0
3.18,6.37,0
3.3,6.37,0
3.42,6.37,0
3.54,6.37,0
3.66,6.37,0
3.78,6.37,0
3.9,6.37,0
4.02,6.37,0
4.14,6.37,0
4.26,6.37,0
4.38,6.37,0
4.5,6.37,0
4.62,6.37,0
4.74,6.37,0
4.86,6.37,0
4.98,6.37,0
5.1,6.37,0
5.22,6.37,0
5.34,6.37,0
5.46,6.37,0
5.58,6.37,15507
5.7,6.37,19811
5.82,6.37,23433
5.94,6.37,29652

0.06,6.51,0
0.18,6.51,0
0.3,6.51,0
0.42,6.51,0
0.54,6.51,0
0.66,6.51,0
0.78,6.51,0
0.9,6.51,0
1.02,6.51,0
1.14,6.51,0
1.26,6.51,0
1.38,6.51,0
1.5,6.51,0
1.62,6.51,0
1.74,6.51,0
1.86,6.51,0
1.98,6.51,0
2.1,6.51,0
2.22,6.51,0
2.34,6.51,0
2.46,6.51,0
2.58,6.51,0
2.7,6.51,0
2.82,6.51,0
2.94,6.51,0
3.06,6.51,0
3.18,6.51,0
3.3,6.51,0
3.42,6.51,0
3.54,6.51,0
3.66,6.51,0
3.78,6.51,0
3.9,6.51,0
4.02,6.51,0
4.14,6.51,0
4.26,6.51,0
4.38,6.51,0
4.5,6.51,0
4.62,6.51,0
4.74,6.51,0
4.86,6.51,0
4.98,6.51,0
5.1,6.51,0
5.22,6.51,0
5.34,6.51,0
5.46,6.51,0
5.58,6.51,0
5.7,6.51,6842
5.82,6.51,10001
5.94,6.51,16274

0.06,6.65,0
0.18,6.65,0
0.3,6.65,0
0.42,6.65,0
0.54,6.65,0
0.66,6.65,0
0.78,6.65,0
0.9,6.65,0
1.02,6.65,0
1.14,6.65,0
1.26,6.65,0
1.38,6.65,0
1.5,6.65,0
1.62,6.65,0
1.74,6.65,0
1.86,6.65,0
1.98,6.65,0
2.1,6.65,0
2.22,6.65,0
2.34,6.65,0
2.46,6.65,0
2.58,6.65,0
2.7,6.65,0
2.82,6.65,0
2.94,6.65,0
3.06,6.65,0
3.18,6.65,0
3.3,6.65,0
3.42,6.65,0
3.54,6.65,0
3.66,6.65,0
3.78,6.65,0
3.9,6.65,0
4.02,6.65,0
4.14,6.65,0
4.26,6.65,0
4.38,6.65,0
4.5,6.65,0
4.62,6.65,0
4.74,6.65,0
4.86,6.65,0
4.98,6.65,0
5.1,6.65,0
5.22,6.65,0
5.34,6.65,0
5.46,6.65,0
5.58,6.65,0
5.7,6.65,0
5.82,6.65,1442
5.94,6.65,4071

0.06,6.79,0
0.18,6.79,0
0.3,6.79,0
0.42,6.79,0
0.54,6.79,0
0.66,6.79,0
0.78,6.79,0
0.9,6.79,0
1.02,6.79,0
1.14,6.79,0
1.26,6.79,0
1.38,6.79,0
1.5,6.79,0
1.62,6.79,0
1.74,6.79,0
1.86,6.79,0
1.98,6.79,0
2.1,6.79,0
2.22,6.79,0
2.34,6.79,0
2.46,6.79,0
2.58,6.79,0
2.7,6.79,0
2.82,6.79,0
2.94,6.79,0
3.06,6.79,0
3.18,6.79,0
3.3,6.79,0
3.42,6.79,0
3.54,6.79,0
3.66,6.79,0
3.78,6.79,0
3.9,6.79,0
4.02,6.79,0
4.14,6.79,0
4.26,6.79,0
4.38,6.79,0
4.5,6.79,0
4.62,6.79,0
4.74,6.79,0
4.86,6.79,0
4.98,6.79,0
5.1,6.79,0
5.22,6.79,0
5.34,6.79,0
5.46,6.79,0
5.58,6.79,0
5.7,6.79,0
5.82,6.79,0
5.94,6.79,19

0.06,6.93,0
0.18,6.93,0
0.3,6.93,0
0.42,6.93,0
0.54,6.93,0
0.66,6.93,0
0.78,6.93,0
0.9,6.93,0
1.02,6.93,0
1.14,6.93,0
1.26,6.93,0
1.38,6.93,0
1.5,6.93,0
1.62,6.93,0
1.74,6.93,0
1.86,6.93,0
1.98,6.93,0
2.1,6.93,0
2.22,6.93,0
2.34,6.93,0
2.46,6.93,0
2.58,6.93,0
2.7,6.93,0
2.82,6.93,0
2.94,6.93,0
3.06,6.93,0
3.18,6.93,0
3.3,6.93,0
3.42,6.93,0
3.54,6.93,0
3.66,6.93,0
3.78,6.93,0
3.9,6.93,0
4.02,6.93,0
4.14,6.93,0
4.26,6.93,0
4.38,6.93,0
4.5,6.93,0
4.62,6.93,0
4.74,6.93,0
4.86,6.93,0
4.98,6.93,0
5.1,6.93,0
5.22,6.93,0
5.34,6.93,0
5.46,6.93,0
5.58,6.93,0
5.7,6.93,0
5.82,6.93,0
5.94,6.93,0

