ring,targets,early,primes,intersection,early_rate
0,1,0,0,0,0
1,8,0,4,0,0
2,16,3,5,1,0.1875
3,24,7,6,3,0.291666666667
4,32,19,7,5,0.59375
5,40,21,8,4,0.525
6,48,10,9,2,0.208333333333
7,56,22,9,4,0.392857142857
8,64,19,13,7,0.296875
9,72,41,11,6,0.569444444444
10,80,51,13,8,0.6375
11,88,55,14,7,0.625
12,96,74,15,9,0.770833333333
13,104,91,15,14,0.875
14,112,106,17,16,0.946428571429
15,120,118,16,16,0.983333333333
16,128,47,19,10,0.3671875
17,136,38,19,8,0.279411764706
18,144,32,19,5,0.222222222222
19,152,39,21,5,0.256578947368
20,160,39,23,5,0.24375
21,168,48,20,5,0.285714285714
22,176,53,23,8,0.301136363636
23,184,124,23,13,0.673913043478
24,192,76,28,15,0.395833333333
25,200,81,21,12,0.405
26,208,87,31,16,0.418269230769
27,216,105,25,16,0.486111111111
28,224,175,23,18,0.78125
29,232,157,30,22,0.676724137931
30,240,134,32,22,0.558333333333
31,248,146,30,19,0.588709677419
32,256,196,29,23,0.765625
33,264,240,31,29,0.909090909091
34,272,191,32,24,0.702205882353
35,280,197,34,22,0.703571428571
36,288,263,30,26,0.913194444444
37,296,273,34,32,0.922297297297
38,304,242,40,31,0.796052631579
39,312,277,32,27,0.887820512821
40,320,320,36,36,1
41,328,296,39,35,0.90243902439
42,336,310,37,35,0.922619047619
43,344,344,37,37,1
44,352,339,40,39,0.963068181818
45,360,351,38,36,0.975
46,368,368,39,39,1
47,376,373,44,44,0.992021276596
48,384,383,42,42,0.997395833333
49,392,392,45,45,1
50,400,222,44,27,0.555
51,408,44,42,9,0.107843137255
52,416,69,42,10,0.165865384615
53,424,157,45,19,0.370283018868
54,432,91,42,10,0.210648148148
55,440,112,48,17,0.254545454545
56,448,98,52,15,0.21875
57,456,128,49,13,0.280701754386
58,464,109,45,14,0.234913793103
59,472,144,50,17,0.305084745763
60,480,122,48,14,0.254166666667
61,488,141,51,17,0.28893442623
62,496,148,55,20,0.298387096774
63,504,148,56,17,0.293650793651
64,512,164,47,14,0.3203125
65,520,181,52,20,0.348076923077
66,528,154,56,18,0.291666666667
67,536,213,56,26,0.397388059701
68,544,155,53,22,0.284926470588
69,552,231,49,22,0.41847826087
70,560,163,58,20,0.291071428571
71,568,240,62,30,0.422535211268
72,576,181,56,17,0.314236111111
73,584,584,60,60,1
74,592,592,63,63,1
75,600,235,58,31,0.391666666667
76,608,308,60,40,0.506578947368
77,616,250,65,34,0.405844155844
78,624,331,57,41,0.530448717949
79,632,340,59,38,0.537974683544
80,640,273,63,36,0.4265625
81,648,363,64,41,0.560185185185
82,656,350,65,47,0.533536585366
83,664,316,63,39,0.475903614458
84,672,403,64,41,0.599702380952
85,680,378,71,50,0.555882352941
86,688,352,63,46,0.511627906977
87,696,423,61,41,0.60775862069
88,704,491,75,61,0.697443181818
89,712,712,59,59,1
90,720,720,76,76,1
91,728,647,73,64,0.888736263736
92,736,448,71,48,0.608695652174
93,744,453,75,49,0.608870967742
94,752,523,64,50,0.695478723404
95,760,536,73,51,0.705263157895
96,768,499,77,50,0.649739583333
97,776,502,73,51,0.646907216495
98,784,568,71,54,0.724489795918
99,792,590,75,63,0.744949494949
100,800,600,72,54,0.75
101,808,563,77,58,0.696782178218
102,816,816,83,83,1
103,824,824,84,84,1
104,832,832,71,71,1
105,840,806,76,73,0.959523809524
106,848,650,80,61,0.766509433962
107,856,637,74,52,0.744158878505
108,864,665,76,55,0.769675925926
109,872,723,85,72,0.829128440367
110,880,731,80,65,0.830681818182
111,888,742,84,70,0.835585585586
112,896,755,85,73,0.842633928571
113,904,793,83,73,0.877212389381
114,912,912,82,82,1
115,920,920,86,86,1
116,928,928,80,80,1
117,936,936,89,89,1
118,944,811,87,71,0.859110169492
119,952,830,94,77,0.871848739496
120,960,857,90,79,0.892708333333
121,968,875,86,73,0.903925619835
122,976,883,91,82,0.904713114754
123,984,894,88,78,0.908536585366
124,992,992,85,85,1
125,1000,1000,88,88,1
126,1008,1008,94,94,1
127,1016,1016,81,81,1
128,1024,1024,100,100,1
129,1032,971,89,86,0.940891472868
130,1040,977,99,93,0.939423076923
131,1048,1000,86,82,0.954198473282
132,1056,1014,91,85,0.960227272727
133,1064,1032,97,93,0.96992481203
134,1072,1072,104,104,1
135,1080,1080,91,91,1
136,1088,1088,99,99,1
137,1096,1096,99,99,1
138,1104,1104,94,94,1
139,1112,1105,106,106,0.993705035971
140,1120,1092,93,89,0.975
141,1128,1108,99,97,0.982269503546
142,1136,1125,108,105,0.990316901408
143,1144,1144,103,103,1
144,1152,1152,99,99,1
145,1160,1160,99,99,1
146,1168,1168,103,103,1
147,1176,1176,98,98,1
148,1184,1184,103,103,1
149,1192,1188,102,102,0.996644295302
150,1200,1198,112,112,0.998333333333
151,1208,1208,101,101,1
152,1216,1216,115,115,1
153,1224,1224,104,104,1
154,1232,1232,116,116,1
155,1240,1240,104,104,1
156,1248,1248,107,107,1
157,1256,1256,109,109,1
158,1264,828,106,73,0.655063291139
159,1272,153,114,29,0.120283018868
160,1280,144,110,30,0.1125
161,1288,150,109,25,0.116459627329
162,1296,149,113,27,0.114969135802
163,1304,150,114,32,0.115030674847
164,1312,162,107,30,0.123475609756
165,1320,154,117,32,0.116666666667
166,1328,937,108,79,0.705572289157
167,1336,466,116,46,0.34880239521
168,1344,292,117,32,0.217261904762
169,1352,297,111,25,0.219674556213
170,1360,312,120,36,0.229411764706
171,1368,302,111,32,0.220760233918
172,1376,306,116,31,0.22238372093
173,1384,322,121,31,0.232658959538
174,1392,466,125,46,0.334770114943
175,1400,341,118,33,0.243571428571
176,1408,330,123,32,0.234375
177,1416,334,122,36,0.235875706215
178,1424,355,113,42,0.249297752809
179,1432,338,128,36,0.236033519553
180,1440,367,123,37,0.254861111111
181,1448,577,120,54,0.398480662983
182,1456,398,126,40,0.273351648352
183,1464,374,120,35,0.255464480874
184,1472,407,124,39,0.276494565217
185,1480,385,136,36,0.260135135135
186,1488,406,121,37,0.272849462366
187,1496,399,128,40,0.266711229947
188,1504,700,134,63,0.465425531915
189,1512,420,118,31,0.277777777778
190,1520,443,121,42,0.291447368421
191,1528,415,131,34,0.271596858639
192,1536,458,126,39,0.298177083333
193,1544,421,137,46,0.272668393782
194,1552,664,131,56,0.427835051546
195,1560,585,140,46,0.375
196,1568,486,128,39,0.309948979592
197,1576,452,132,40,0.286802030457
198,1584,489,130,48,0.308712121212
199,1592,501,125,40,0.314698492462
200,1600,460,137,37,0.2875
201,1608,921,125,75,0.57276119403
202,1616,488,141,50,0.30198019802
203,1624,530,128,46,0.326354679803
204,1632,536,137,49,0.328431372549
205,1640,496,123,44,0.30243902439
206,1648,543,142,42,0.329490291262
207,1656,1026,139,92,0.619565217391
208,1664,514,136,41,0.308894230769
209,1672,578,130,50,0.345693779904
210,1680,582,151,60,0.346428571429
211,1688,531,138,48,0.314573459716
212,1696,590,151,58,0.347877358491
213,1704,1125,129,90,0.660211267606
214,1712,556,145,45,0.32476635514
215,1720,618,146,52,0.359302325581
216,1728,623,151,60,0.360532407407
217,1736,637,133,59,0.366935483871
218,1744,567,146,50,0.325114678899
219,1752,1232,145,108,0.703196347032
220,1760,657,143,53,0.373295454545
221,1768,669,147,66,0.378393665158
222,1776,606,145,52,0.341216216216
223,1784,670,146,57,0.375560538117
224,1792,1021,139,82,0.569754464286
225,1800,959,151,86,0.532777777778
226,1808,672,140,64,0.371681415929
227,1816,611,150,51,0.336453744493
228,1824,681,158,58,0.373355263158
229,1832,1089,159,98,0.59443231441
230,1840,1840,146,146,1
231,1848,1848,145,145,1
232,1856,1856,147,147,1
233,1864,1864,147,147,1
234,1872,1872,163,163,1
235,1880,1880,151,151,1
236,1888,1023,153,98,0.541843220339
237,1896,867,156,95,0.457278481013
238,1904,871,150,93,0.457457983193
239,1912,879,161,100,0.459728033473
240,1920,1025,163,103,0.533854166667
241,1928,1408,146,121,0.730290456432
242,1936,909,157,95,0.469524793388
243,1944,881,146,84,0.453189300412
244,1952,893,153,92,0.457479508197
245,1960,972,160,98,0.495918367347
246,1968,1598,160,138,0.811991869919
247,1976,972,164,107,0.491902834008
248,1984,967,165,105,0.487399193548
249,1992,985,165,95,0.494477911647
250,2000,990,151,89,0.495
251,2008,1719,167,149,0.856075697211
252,2016,1025,159,93,0.508432539683
253,2024,1021,158,101,0.504446640316
254,2032,1027,166,104,0.505413385827
255,2040,1104,160,105,0.541176470588
256,2048,1771,154,137,0.86474609375
257,2056,1095,168,110,0.532587548638
258,2064,1092,168,111,0.529069767442
259,2072,1084,179,120,0.523166023166
260,2080,1236,166,126,0.594230769231
261,2088,1733,165,147,0.829980842912
262,2096,1113,166,113,0.531011450382
263,2104,1122,167,109,0.533269961977
264,2112,1128,163,112,0.534090909091
265,2120,1562,180,140,0.73679245283
266,2128,1527,159,122,0.71757518797
267,2136,1230,173,114,0.575842696629
268,2144,1208,156,106,0.563432835821
269,2152,1179,178,117,0.547862453532
270,2160,1892,171,155,0.875925925926
271,2168,1339,164,130,0.617619926199
272,2176,1213,173,122,0.557444852941
273,2184,1274,161,110,0.583333333333
274,2192,1376,176,132,0.627737226277
275,2200,1988,178,163,0.903636363636
276,2208,1217,186,126,0.551177536232
277,2216,1235,170,119,0.557310469314
278,2224,1363,174,126,0.61285971223
279,2232,2232,172,172,1
280,2240,2240,185,185,1
281,2248,2248,179,179,1
282,2256,2256,187,187,1
283,2264,2264,186,186,1
284,2272,2272,174,174,1
285,2280,2280,189,189,1
286,2288,2288,182,182,1
287,2296,2296,179,179,1
288,2304,2304,179,179,1
289,2312,1574,186,136,0.680795847751
290,2320,1480,183,129,0.637931034483
291,2328,1443,177,124,0.619845360825
292,2336,1919,183,148,0.821489726027
293,2344,1921,183,162,0.819539249147
294,2352,1484,187,122,0.630952380952
295,2360,1571,183,132,0.665677966102
296,2368,1720,189,142,0.726351351351
297,2376,2157,191,173,0.907828282828
298,2384,1645,188,135,0.690016778523
299,2392,1559,185,126,0.651755852843
300,2400,1652,168,116,0.688333333333
301,2408,2408,198,198,1
302,2416,1602,188,130,0.663079470199
303,2424,1717,196,145,0.708333333333
304,2432,1607,170,125,0.660773026316
305,2440,2386,187,185,0.977868852459
306,2448,1814,199,153,0.741013071895
307,2456,1699,184,137,0.6917752443
308,2464,1724,192,140,0.699675324675
309,2472,2340,189,179,0.946601941748
310,2480,1971,198,164,0.794758064516
311,2488,1703,181,136,0.684485530547
312,2496,1820,201,158,0.729166666667
313,2504,2346,208,199,0.936900958466
314,2512,2067,199,172,0.822850318471
315,2520,1765,188,147,0.700396825397
316,2528,1853,197,152,0.732990506329
317,2536,2407,184,179,0.949132492114
318,2544,2080,192,161,0.817610062893
319,2552,1844,192,143,0.722570532915
320,2560,2037,203,167,0.795703125
321,2568,2568,194,194,1
322,2576,2576,208,208,1
323,2584,2584,195,195,1
324,2592,2592,205,205,1
325,2600,2600,201,201,1
326,2608,2608,196,196,1
327,2616,2616,195,195,1
328,2624,2624,212,212,1
329,2632,2632,216,216,1
330,2640,2640,211,211,1
331,2648,2648,189,189,1
332,2656,2656,212,212,1
333,2664,2505,224,209,0.940315315315
334,2672,2097,186,144,0.784805389222
335,2680,2036,203,161,0.759701492537
336,2688,2494,205,186,0.927827380952
337,2696,2443,203,179,0.90615727003
338,2704,2108,201,145,0.779585798817
339,2712,2101,201,156,0.774705014749
340,2720,2720,196,196,1
341,2728,2364,216,185,0.866568914956
342,2736,2145,214,165,0.78399122807
343,2744,2376,223,191,0.865889212828
344,2752,2752,209,209,1
345,2760,2260,213,170,0.81884057971
346,2768,2204,217,184,0.796242774566
347,2776,2617,217,206,0.942723342939
348,2784,2603,190,178,0.934985632184
349,2792,2318,221,181,0.830229226361
350,2800,2330,220,189,0.832142857143
351,2808,2808,210,210,1
352,2816,2449,222,192,0.869673295455
353,2824,2379,221,185,0.842422096317
354,2832,2607,210,189,0.920550847458
355,2840,2813,220,218,0.990492957746
356,2848,2336,212,173,0.820224719101
357,2856,2545,216,190,0.891106442577
358,2864,2864,217,217,1
359,2872,2872,218,218,1
360,2880,2880,228,228,1
361,2888,2888,226,226,1
362,2896,2896,217,217,1
363,2904,2904,224,224,1
364,2912,2912,219,219,1
365,2920,2920,221,221,1
366,2928,2928,226,226,1
367,2936,2936,207,207,1
368,2944,2944,225,225,1
369,2952,2952,217,217,1
370,2960,2960,221,221,1
371,2968,2968,230,230,1
372,2976,2976,223,223,1
373,2984,2606,218,179,0.873324396783
374,2992,2607,236,201,0.871323529412
375,3000,3000,211,211,1
376,3008,2797,227,207,0.929853723404
377,3016,2653,225,187,0.879641909814
378,3024,2912,243,234,0.962962962963
379,3032,2964,223,220,0.977572559367
380,3040,2709,233,200,0.891118421053
381,3048,2855,233,216,0.936679790026
382,3056,3056,229,229,1
383,3064,2813,251,221,0.918080939948
384,3072,2798,213,194,0.910807291667
385,3080,3080,234,234,1
386,3088,2965,236,225,0.960168393782
387,3096,2824,229,203,0.912144702842
388,3104,3032,232,227,0.976804123711
389,3112,3057,236,234,0.982326478149
390,3120,2824,244,209,0.905128205128
391,3128,3113,229,226,0.995204603581
392,3136,3136,241,241,1
393,3144,3144,241,241,1
394,3152,3152,231,231,1
395,3160,3160,236,236,1
396,3168,3168,221,221,1
397,3176,3176,233,233,1
398,3184,3184,241,241,1
399,3192,3192,237,237,1
400,3200,3200,225,225,1
401,3208,3208,239,239,1
402,3216,3216,245,245,1
403,3224,3224,237,237,1
404,3232,3232,243,243,1
405,3240,3240,241,241,1
406,3248,3248,248,248,1
407,3256,3256,241,241,1
408,3264,3198,243,239,0.979779411765
409,3272,3067,238,222,0.937347188264
410,3280,3242,247,247,0.988414634146
411,3288,3240,244,242,0.985401459854
412,3296,3125,256,246,0.948118932039
413,3304,3263,242,239,0.987590799031
414,3312,3283,246,244,0.991243961353
415,3320,3182,249,239,0.95843373494
416,3328,3293,249,248,0.989483173077
417,3336,3319,250,248,0.994904076739
418,3344,3226,235,229,0.96471291866
419,3352,3319,251,250,0.990155131265
420,3360,3352,261,260,0.997619047619
421,3368,3253,259,251,0.965855106888
422,3376,3376,249,249,1
423,3384,3384,243,243,1
424,3392,3392,242,242,1
425,3400,3400,265,265,1
426,3408,3408,253,253,1
427,3416,3416,250,250,1
428,3424,3424,255,255,1
429,3432,3432,259,259,1
430,3440,3440,250,250,1
431,3448,3448,240,240,1
432,3456,3456,243,243,1
433,3464,3464,259,259,1
434,3472,3472,265,265,1
435,3480,3480,243,243,1
436,3488,3488,273,273,1
437,3496,3496,263,263,1
438,3504,3504,262,262,1
439,3512,3512,259,259,1
440,3520,3520,253,253,1
441,3528,3478,262,257,0.985827664399
442,3536,3496,261,257,0.988687782805
443,3544,3544,263,263,1
444,3552,3501,261,256,0.985641891892
445,3560,3549,269,269,0.99691011236
446,3568,3568,270,270,1
447,3576,3537,272,268,0.989093959732
448,3584,3584,248,248,1
449,3592,3589,259,259,0.99916481069
450,3600,3578,273,272,0.993888888889
451,3608,3608,257,257,1
452,3616,3616,258,258,1
453,3624,3624,281,281,1
454,3632,3632,279,279,1
455,3640,3640,261,261,1
456,3648,3648,280,280,1
457,3656,3656,256,256,1
458,3664,3664,258,258,1
459,3672,3672,280,280,1
460,3680,3680,258,258,1
461,3688,3688,273,273,1
462,3696,3696,257,257,1
463,3704,3704,276,276,1
464,3712,3712,284,284,1
465,3720,3720,270,270,1
466,3728,3728,286,286,1
467,3736,3736,255,255,1
468,3744,3744,280,280,1
469,3752,3752,288,288,1
470,3760,3760,264,264,1
471,3768,3764,282,282,0.998938428875
472,3776,3770,271,271,0.998411016949
473,3784,3784,278,278,1
474,3792,3790,267,267,0.99947257384
475,3800,3799,264,264,0.999736842105
476,3808,3808,296,296,1
477,3816,3816,291,291,1
478,3824,3824,256,256,1
479,3832,3832,283,283,1
480,3840,3840,283,283,1
481,3848,3848,292,292,1
482,3856,3856,274,274,1
483,3864,3864,285,285,1
484,3872,3872,271,271,1
485,3880,3880,285,285,1
486,3888,3888,277,277,1
487,3896,3896,277,277,1
488,3904,3904,283,283,1
489,3912,3912,270,270,1
490,3920,3920,289,289,1
491,3928,3928,287,287,1
492,3936,3936,284,284,1
493,3944,3944,290,290,1
494,3952,3952,282,282,1
495,3960,3960,276,276,1
496,3968,3968,283,283,1
497,3976,3976,283,283,1
498,3984,3984,280,280,1
499,3992,3992,299,299,1
500,1999,1998,139,139,0.999499749875
